time	V(cmp_out)	V(filt_out)	V(vin_sensor)
0.000000000000000e+00	3.300000e+00	2.000000e+00	2.000000e-01
3.744914179800878e-05	3.300000e+00	1.999997e+00	2.000471e-01
7.489828359601756e-05	3.300000e+00	2.000006e+00	2.000941e-01
1.123474253940263e-04	3.300000e+00	2.000026e+00	2.001412e-01
1.497965671920351e-04	3.300000e+00	2.000057e+00	2.001882e-01
1.872457089900439e-04	3.300000e+00	2.000100e+00	2.002353e-01
2.246948507880527e-04	3.300000e+00	2.000154e+00	2.002824e-01
2.621439925860614e-04	3.300000e+00	2.000219e+00	2.003294e-01
5.242879851721227e-04	3.300000e+00	2.001115e+00	2.006588e-01
1.048575970344245e-03	3.300000e+00	2.004604e+00	2.013176e-01
2.048575970344245e-03	3.300000e+00	2.014653e+00	2.025740e-01
3.048575970344245e-03	3.300000e+00	2.026595e+00	2.038300e-01
5.048575970344246e-03	3.300000e+00	2.051516e+00	2.063400e-01
1.547714739891569e-02	3.300000e+00	2.186555e+00	2.198231e-01
2.590571882748713e-02	3.300000e+00	2.313376e+00	2.324668e-01
3.633429025605857e-02	3.300000e+00	2.431978e+00	2.442711e-01
4.676286168463001e-02	3.300000e+00	2.542362e+00	2.552359e-01
5.719143311320145e-02	3.300000e+00	2.644528e+00	2.653612e-01
6.762000454177289e-02	3.300000e+00	2.738475e+00	2.746471e-01
7.804857597034430e-02	3.300000e+00	2.824203e+00	2.830936e-01
8.704857597034431e-02	3.300000e+00	2.883747e+00	2.889286e-01
9.604857597034432e-02	3.300000e+00	2.930956e+00	2.935271e-01
1.050485759703443e-01	3.300000e+00	2.965832e+00	2.968892e-01
1.140485759703443e-01	3.300000e+00	2.988373e+00	2.990149e-01
1.230485759703444e-01	3.300000e+00	2.998581e+00	2.999041e-01
1.320485759703444e-01	3.300000e+00	2.996455e+00	2.995569e-01
1.410485759703443e-01	3.300000e+00	2.981995e+00	2.979733e-01
1.513342902560586e-01	3.300000e+00	2.946558e+00	2.942754e-01
1.616200045417729e-01	3.300000e+00	2.898002e+00	2.892773e-01
1.719057188274872e-01	3.300000e+00	2.836326e+00	2.829791e-01
1.821914331132015e-01	3.300000e+00	2.761531e+00	2.753805e-01
1.924771473989158e-01	3.300000e+00	2.673617e+00	2.664818e-01
2.027628616846301e-01	3.300000e+00	2.572584e+00	2.562829e-01
2.130485759703444e-01	3.300000e+00	2.458431e+00	2.447837e-01
2.224771473989158e-01	3.300000e+00	2.346089e+00	2.334920e-01
2.319057188274873e-01	3.300000e+00	2.232896e+00	2.221316e-01
2.413342902560587e-01	3.300000e+00	2.118854e+00	2.107027e-01
2.507628616846301e-01	3.300000e+00	2.003963e+00	1.992053e-01
2.601914331132016e-01	3.300000e+00	1.888221e+00	1.876393e-01
2.696200045417730e-01	3.300000e+00	1.771630e+00	1.760048e-01
2.790485759703444e-01	3.300000e+00	1.654190e+00	1.643018e-01
2.849057188274873e-01	3.300000e+00	1.585299e+00	1.574468e-01
2.907628616846302e-01	3.300000e+00	1.519496e+00	1.509058e-01
2.966200045417730e-01	3.300000e+00	1.456779e+00	1.446787e-01
3.024771473989159e-01	3.300000e+00	1.397150e+00	1.387655e-01
3.083342902560587e-01	3.300000e+00	1.340607e+00	1.331663e-01
3.141914331132016e-01	3.299999e+00	1.287151e+00	1.278811e-01
3.200485759703445e-01	3.299999e+00	1.236782e+00	1.229098e-01
3.211735759703445e-01	3.283697e+00	1.227726e+00	1.220170e-01
3.214235759703444e-01	3.229394e+00	1.225734e+00	1.218208e-01
3.219265759703444e-01	2.516350e+00	1.221750e+00	1.214282e-01
3.219545759703444e-01	2.422986e+00	1.221529e+00	1.214064e-01
3.219825759703444e-01	2.324882e+00	1.221308e+00	1.213847e-01
3.220105759703444e-01	2.222036e+00	1.221088e+00	1.213629e-01
3.220385759703444e-01	2.114449e+00	1.220867e+00	1.213412e-01
3.220665759703444e-01	2.002121e+00	1.220646e+00	1.213195e-01
3.220945759703444e-01	1.885051e+00	1.220426e+00	1.212978e-01
3.221225759703444e-01	1.763241e+00	1.220206e+00	1.212761e-01
3.221545759703444e-01	1.679054e+00	1.219954e+00	1.212513e-01
3.223465759703444e-01	1.665357e+00	1.218447e+00	1.211028e-01
3.231145759703444e-01	1.657290e+00	1.212463e+00	1.205135e-01
3.236925759703445e-01	1.655303e+00	1.208008e+00	1.200748e-01
3.242705759703444e-01	1.652965e+00	1.203595e+00	1.196404e-01
3.248485759703444e-01	1.650276e+00	1.199225e+00	1.192103e-01
3.254265759703444e-01	1.647236e+00	1.194896e+00	1.187844e-01
3.260045759703444e-01	1.643844e+00	1.190610e+00	1.183628e-01
3.265825759703444e-01	1.640101e+00	1.186367e+00	1.179455e-01
3.271605759703444e-01	1.636007e+00	1.182166e+00	1.175324e-01
3.272855759703444e-01	1.633691e+00	1.181264e+00	1.174437e-01
3.275365759703444e-01	1.354615e+00	1.179457e+00	1.172661e-01
3.275772902560586e-01	1.199913e+00	1.179165e+00	1.172374e-01
3.276180045417729e-01	1.056076e+00	1.178873e+00	1.172087e-01
3.276587188274872e-01	9.231038e-01	1.178581e+00	1.171800e-01
3.276994331132015e-01	8.009975e-01	1.178289e+00	1.171513e-01
3.277401473989158e-01	6.897566e-01	1.177998e+00	1.171227e-01
3.277808616846301e-01	5.893811e-01	1.177706e+00	1.170941e-01
3.278215759703444e-01	4.998711e-01	1.177415e+00	1.170655e-01
3.278535759703444e-01	4.386081e-01	1.177187e+00	1.170430e-01
3.279175759703444e-01	3.351623e-01	1.176730e+00	1.169981e-01
3.280455759703444e-01	1.913386e-01	1.175818e+00	1.169085e-01
3.283015759703444e-01	5.938380e-02	1.174001e+00	1.167300e-01
3.288135759703444e-01	5.443966e-03	1.170392e+00	1.163754e-01
3.298135759703444e-01	5.303158e-05	1.163442e+00	1.156930e-01
3.308135759703444e-01	5.632651e-07	1.156625e+00	1.150238e-01
3.399564331132016e-01	3.103795e-07	1.099791e+00	1.094643e-01
3.490992902560587e-01	1.149669e-07	1.055778e+00	1.051893e-01
3.582421473989159e-01	-2.297261e-08	1.024585e+00	1.021990e-01
3.673850045417730e-01	-1.034390e-07	1.006214e+00	1.004933e-01
3.765278616846301e-01	-1.264324e-07	1.000663e+00	1.000721e-01
3.856707188274873e-01	-9.195274e-08	1.007933e+00	1.009356e-01
3.948135759703444e-01	0.000000e+00	1.028024e+00	1.030837e-01
3.985278616846302e-01	-1.771383e-09	1.040134e+00	1.043487e-01
4.022421473989159e-01	-2.433998e-09	1.054245e+00	1.058127e-01
4.059564331132016e-01	-1.987845e-09	1.070357e+00	1.074759e-01
4.096707188274873e-01	-4.329248e-10	1.088470e+00	1.093381e-01
4.133850045417730e-01	2.230764e-09	1.108584e+00	1.113995e-01
4.170992902560587e-01	6.003220e-09	1.130699e+00	1.136599e-01
4.208135759703445e-01	1.088444e-08	1.154815e+00	1.161194e-01
4.218135759703445e-01	1.549429e-05	1.161597e+00	1.168102e-01
4.228135759703445e-01	1.555215e-03	1.168511e+00	1.175141e-01
4.238135759703445e-01	1.621620e-01	1.175556e+00	1.182310e-01
4.239385759703445e-01	2.824177e-01	1.176447e+00	1.183215e-01
4.241895759703444e-01	7.794492e-01	1.178240e+00	1.185039e-01
4.242075759703444e-01	8.318706e-01	1.178368e+00	1.185170e-01
4.242255759703444e-01	8.864086e-01	1.178497e+00	1.185301e-01
4.242435759703444e-01	9.430632e-01	1.178626e+00	1.185432e-01
4.242615759703444e-01	1.001834e+00	1.178755e+00	1.185564e-01
4.242795759703444e-01	1.062722e+00	1.178884e+00	1.185695e-01
4.242975759703444e-01	1.125726e+00	1.179013e+00	1.185826e-01
4.243155759703444e-01	1.190847e+00	1.179143e+00	1.185958e-01
4.244445759703444e-01	1.621048e+00	1.180069e+00	1.186900e-01
4.245174331132016e-01	1.627686e+00	1.180594e+00	1.187434e-01
4.245902902560587e-01	1.632954e+00	1.181119e+00	1.187968e-01
4.246631473989159e-01	1.636852e+00	1.181644e+00	1.188502e-01
4.247360045417730e-01	1.639380e+00	1.182171e+00	1.189038e-01
4.248088616846301e-01	1.640538e+00	1.182698e+00	1.189574e-01
4.248817188274873e-01	1.640326e+00	1.183226e+00	1.190110e-01
4.249545759703444e-01	1.638744e+00	1.183754e+00	1.190648e-01
4.254665759703444e-01	1.642669e+00	1.187487e+00	1.194443e-01
4.260624331132016e-01	1.644152e+00	1.191874e+00	1.198903e-01
4.266582902560587e-01	1.646328e+00	1.196307e+00	1.203407e-01
4.272541473989159e-01	1.649198e+00	1.200784e+00	1.207955e-01
4.278500045417730e-01	1.652761e+00	1.205305e+00	1.212548e-01
4.284458616846301e-01	1.657019e+00	1.209872e+00	1.217185e-01
4.290417188274873e-01	1.661970e+00	1.214483e+00	1.221866e-01
4.296375759703444e-01	1.667615e+00	1.219139e+00	1.226592e-01
4.298905759703444e-01	2.243158e+00	1.221129e+00	1.228611e-01
4.299355759703444e-01	2.403798e+00	1.221484e+00	1.228971e-01
4.299805759703443e-01	2.548282e+00	1.221839e+00	1.229331e-01
4.300255759703444e-01	2.676612e+00	1.222194e+00	1.229692e-01
4.300705759703444e-01	2.788786e+00	1.222549e+00	1.230052e-01
4.301155759703444e-01	2.884804e+00	1.222905e+00	1.230413e-01
4.301605759703443e-01	2.964667e+00	1.223261e+00	1.230775e-01
4.302055759703444e-01	3.028375e+00	1.223617e+00	1.231136e-01
4.302695759703444e-01	3.101599e+00	1.224124e+00	1.231650e-01
4.303975759703444e-01	3.196117e+00	1.225140e+00	1.232681e-01
4.306535759703444e-01	3.272648e+00	1.227177e+00	1.234748e-01
4.311655759703444e-01	3.298206e+00	1.231275e+00	1.238905e-01
4.400227188274872e-01	3.299012e+00	1.309992e+00	1.318612e-01
4.488798616846301e-01	3.299634e+00	1.394427e+00	1.403908e-01
4.577370045417730e-01	3.300073e+00	1.484580e+00	1.494793e-01
4.665941473989159e-01	3.300329e+00	1.580450e+00	1.591267e-01
4.754512902560587e-01	3.300403e+00	1.682037e+00	1.693330e-01
4.843084331132016e-01	3.300293e+00	1.789342e+00	1.800981e-01
4.931655759703444e-01	3.300000e+00	1.902365e+00	1.914222e-01
5.031655759703444e-01	3.300000e+00	2.032561e+00	2.044452e-01
5.131655759703444e-01	3.300000e+00	2.157557e+00	2.169308e-01
5.231655759703444e-01	3.300000e+00	2.277355e+00	2.288792e-01
5.331655759703444e-01	3.300000e+00	2.391954e+00	2.402903e-01
5.431655759703444e-01	3.300000e+00	2.501353e+00	2.511640e-01
5.531655759703444e-01	3.300000e+00	2.605553e+00	2.615005e-01
5.631655759703444e-01	3.300000e+00	2.704554e+00	2.712996e-01
5.725941473989159e-01	3.300000e+00	2.785195e+00	2.792540e-01
5.820227188274874e-01	3.300000e+00	2.852983e+00	2.859171e-01
5.914512902560588e-01	3.300000e+00	2.907918e+00	2.912889e-01
6.008798616846303e-01	3.300000e+00	2.950000e+00	2.953694e-01
6.103084331132016e-01	3.300000e+00	2.979229e+00	2.981585e-01
6.197370045417731e-01	3.300000e+00	2.995605e+00	2.996564e-01
6.291655759703445e-01	3.300000e+00	2.999128e+00	2.998630e-01
6.388798616846302e-01	3.300000e+00	2.984969e+00	2.982977e-01
6.485941473989160e-01	3.300000e+00	2.957740e+00	2.954332e-01
6.583084331132016e-01	3.300000e+00	2.917439e+00	2.912695e-01
6.680227188274874e-01	3.300000e+00	2.864067e+00	2.858065e-01
6.777370045417731e-01	3.300000e+00	2.797625e+00	2.790443e-01
6.874512902560589e-01	3.300000e+00	2.718111e+00	2.709829e-01
6.971655759703446e-01	3.300000e+00	2.625526e+00	2.616222e-01
7.068798616846302e-01	3.300000e+00	2.521588e+00	2.511431e-01
7.165941473989160e-01	3.300000e+00	2.414046e+00	2.403206e-01
7.263084331132017e-01	3.300000e+00	2.302902e+00	2.291548e-01
7.360227188274875e-01	3.300000e+00	2.188155e+00	2.176455e-01
7.457370045417732e-01	3.300000e+00	2.069804e+00	2.057929e-01
7.554512902560589e-01	3.300000e+00	1.947851e+00	1.935969e-01
7.651655759703446e-01	3.300000e+00	1.822295e+00	1.810575e-01
7.730227188274875e-01	3.300000e+00	1.724042e+00	1.712603e-01
7.808798616846303e-01	3.300000e+00	1.630613e+00	1.619554e-01
7.887370045417732e-01	3.300000e+00	1.542009e+00	1.531428e-01
7.965941473989161e-01	3.300000e+00	1.458229e+00	1.448226e-01
8.044512902560590e-01	3.299999e+00	1.379273e+00	1.369948e-01
8.123084331132018e-01	3.299999e+00	1.305141e+00	1.296593e-01
8.201655759703447e-01	3.299998e+00	1.235833e+00	1.228162e-01
8.211655759703447e-01	3.281766e+00	1.227789e+00	1.220233e-01
8.212905759703447e-01	3.264763e+00	1.226793e+00	1.219251e-01
8.215405759703447e-01	3.171158e+00	1.224805e+00	1.217292e-01
8.216030759703447e-01	3.123405e+00	1.224309e+00	1.216803e-01
8.217280759703447e-01	2.974530e+00	1.223319e+00	1.215827e-01
8.219810759703446e-01	2.332636e+00	1.221320e+00	1.213859e-01
8.220037902560590e-01	2.246078e+00	1.221141e+00	1.213682e-01
8.220265045417732e-01	2.157853e+00	1.220962e+00	1.213506e-01
8.220492188274875e-01	2.067960e+00	1.220783e+00	1.213330e-01
8.220719331132018e-01	1.976399e+00	1.220604e+00	1.213153e-01
8.220946473989161e-01	1.883171e+00	1.220426e+00	1.212977e-01
8.221173616846303e-01	1.788275e+00	1.220247e+00	1.212801e-01
8.221400759703447e-01	1.691712e+00	1.220068e+00	1.212625e-01
8.221480759703447e-01	1.682032e+00	1.220005e+00	1.212563e-01
8.221960759703447e-01	1.670977e+00	1.219628e+00	1.212192e-01
8.226440759703447e-01	1.661093e+00	1.216120e+00	1.208737e-01
8.232952188274876e-01	1.658102e+00	1.211066e+00	1.203759e-01
8.239463616846304e-01	1.654881e+00	1.206065e+00	1.198835e-01
8.245975045417733e-01	1.651430e+00	1.201118e+00	1.193966e-01
8.252486473989161e-01	1.647749e+00	1.196224e+00	1.189151e-01
8.258997902560590e-01	1.643838e+00	1.191385e+00	1.184389e-01
8.265509331132018e-01	1.639697e+00	1.186598e+00	1.179682e-01
8.272020759703447e-01	1.635326e+00	1.181866e+00	1.175030e-01
8.273270759703447e-01	1.632659e+00	1.180965e+00	1.174143e-01
8.275780759703447e-01	1.199281e+00	1.179159e+00	1.172368e-01
8.276233616846305e-01	1.038479e+00	1.178834e+00	1.172049e-01
8.276686473989161e-01	8.917303e-01	1.178510e+00	1.171730e-01
8.277139331132018e-01	7.590355e-01	1.178185e+00	1.171411e-01
8.277592188274876e-01	6.403944e-01	1.177861e+00	1.171093e-01
8.278045045417733e-01	5.358070e-01	1.177537e+00	1.170775e-01
8.278497902560590e-01	4.452733e-01	1.177214e+00	1.170457e-01
8.278950759703447e-01	3.687933e-01	1.176891e+00	1.170139e-01
8.279590759703447e-01	2.802599e-01	1.176434e+00	1.169691e-01
8.280870759703447e-01	1.588040e-01	1.175523e+00	1.168795e-01
8.283430759703447e-01	4.897771e-02	1.173707e+00	1.167011e-01
8.288550759703447e-01	4.485225e-03	1.170101e+00	1.163468e-01
8.298550759703447e-01	4.383885e-05	1.163157e+00	1.156649e-01
8.308550759703447e-01	4.673371e-07	1.156345e+00	1.149963e-01
8.368550759703447e-01	-1.098415e-15	1.118308e+00	1.112702e-01
8.461407902560590e-01	-6.053289e-16	1.068855e+00	1.064558e-01
8.554265045417733e-01	-2.242990e-16	1.032757e+00	1.029781e-01
8.647122188274876e-01	4.467415e-17	1.010013e+00	1.008371e-01
8.739979331132018e-01	2.015906e-16	1.000623e+00	1.000329e-01
8.832836473989162e-01	2.464504e-16	1.004588e+00	1.005653e-01
8.925693616846305e-01	1.792536e-16	1.021907e+00	1.024346e-01
9.018550759703448e-01	0.000000e+00	1.052580e+00	1.056405e-01
9.045693616846304e-01	-2.120862e-09	1.064079e+00	1.068287e-01
9.072836473989162e-01	-2.912481e-09	1.076626e+00	1.081212e-01
9.099979331132019e-01	-2.374857e-09	1.090223e+00	1.095180e-01
9.127122188274877e-01	-5.079914e-10	1.104867e+00	1.110191e-01
9.154265045417733e-01	2.688117e-09	1.120561e+00	1.126244e-01
9.181407902560591e-01	7.213468e-09	1.137303e+00	1.143340e-01
9.208550759703448e-01	1.306806e-08	1.155094e+00	1.161478e-01
9.218550759703448e-01	1.872779e-05	1.161881e+00	1.168391e-01
9.228550759703448e-01	1.886454e-03	1.168800e+00	1.175436e-01
9.238550759703448e-01	1.953449e-01	1.175851e+00	1.182610e-01
9.239800759703448e-01	3.376974e-01	1.176743e+00	1.183516e-01
9.242310759703448e-01	9.034987e-01	1.178537e+00	1.185341e-01
9.242570759703448e-01	9.884189e-01	1.178723e+00	1.185531e-01
9.242830759703449e-01	1.076465e+00	1.178909e+00	1.185720e-01
9.243090759703448e-01	1.167637e+00	1.179096e+00	1.185910e-01
9.243350759703448e-01	1.261935e+00	1.179283e+00	1.186100e-01
9.243610759703448e-01	1.359359e+00	1.179469e+00	1.186290e-01
9.243870759703449e-01	1.459909e+00	1.179656e+00	1.186480e-01
9.244130759703448e-01	1.563585e+00	1.179843e+00	1.186670e-01
9.244290759703448e-01	1.614309e+00	1.179958e+00	1.186787e-01
9.244610759703449e-01	1.624997e+00	1.180188e+00	1.187021e-01
9.246530759703449e-01	1.635706e+00	1.181572e+00	1.188428e-01
9.254210759703448e-01	1.642391e+00	1.187154e+00	1.194105e-01
9.260169331132020e-01	1.644083e+00	1.191538e+00	1.198561e-01
9.266127902560591e-01	1.646353e+00	1.195966e+00	1.203062e-01
9.272086473989163e-01	1.649201e+00	1.200440e+00	1.207607e-01
9.278045045417734e-01	1.652626e+00	1.204958e+00	1.212196e-01
9.284003616846306e-01	1.656629e+00	1.209522e+00	1.216829e-01
9.289962188274877e-01	1.661211e+00	1.214129e+00	1.221507e-01
9.295920759703449e-01	1.666370e+00	1.218782e+00	1.226229e-01
9.298430759703449e-01	2.056545e+00	1.220755e+00	1.228231e-01
9.298975045417734e-01	2.268915e+00	1.221183e+00	1.228666e-01
9.299519331132020e-01	2.457886e+00	1.221613e+00	1.229102e-01
9.300063616846306e-01	2.623457e+00	1.222042e+00	1.229538e-01
9.300607902560591e-01	2.765628e+00	1.222472e+00	1.229974e-01
9.301152188274877e-01	2.884401e+00	1.222902e+00	1.230411e-01
9.301696473989163e-01	2.979773e+00	1.223333e+00	1.230847e-01
9.302240759703448e-01	3.051746e+00	1.223764e+00	1.231285e-01
9.303520759703449e-01	3.168952e+00	1.224778e+00	1.232314e-01
9.306080759703449e-01	3.265245e+00	1.226814e+00	1.234380e-01
9.311200759703449e-01	3.297712e+00	1.230910e+00	1.238535e-01
9.399772188274877e-01	3.298739e+00	1.309579e+00	1.318195e-01
9.488343616846305e-01	3.299533e+00	1.393973e+00	1.403450e-01
9.576915045417734e-01	3.300093e+00	1.484090e+00	1.494300e-01
9.665486473989163e-01	3.300420e+00	1.579931e+00	1.590745e-01
9.754057902560592e-01	3.300514e+00	1.681495e+00	1.692786e-01
9.842629331132020e-01	3.300373e+00	1.788784e+00	1.800421e-01
9.931200759703449e-01	3.300000e+00	1.901796e+00	1.913652e-01
1.003120075970344e+00	3.300000e+00	2.031990e+00	2.043881e-01
1.013120075970343e+00	3.300000e+00	2.156993e+00	2.168745e-01
1.023120075970342e+00	3.300000e+00	2.276806e+00	2.288245e-01
1.033120075970341e+00	3.300000e+00	2.391428e+00	2.402379e-01
1.043120075970340e+00	3.300000e+00	2.500859e+00	2.511149e-01
1.053120075970339e+00	3.300000e+00	2.605099e+00	2.614555e-01
1.063120075970338e+00	3.300000e+00	2.704148e+00	2.712595e-01
1.072548647398908e+00	3.300000e+00	2.784842e+00	2.792192e-01
1.081977218827479e+00	3.300000e+00	2.852685e+00	2.858879e-01
1.091405790256049e+00	3.300000e+00	2.907679e+00	2.912655e-01
1.100834361684619e+00	3.300000e+00	2.949822e+00	2.953522e-01
1.110262933113190e+00	3.300000e+00	2.979115e+00	2.981478e-01
1.119691504541760e+00	3.300000e+00	2.995558e+00	2.996524e-01
1.129120075970331e+00	3.300000e+00	2.999151e+00	2.998660e-01
1.138834361684615e+00	3.300000e+00	2.985064e+00	2.983079e-01
1.148548647398900e+00	3.300000e+00	2.957902e+00	2.954501e-01
1.158262933113185e+00	3.300000e+00	2.917666e+00	2.912928e-01
1.167977218827469e+00	3.300000e+00	2.864355e+00	2.858358e-01
1.177691504541754e+00	3.300000e+00	2.797969e+00	2.790792e-01
1.187405790256038e+00	3.300000e+00	2.718508e+00	2.710231e-01
1.197120075970323e+00	3.300000e+00	2.625972e+00	2.616673e-01
1.206834361684608e+00	3.300000e+00	2.522074e+00	2.511922e-01
1.216548647398892e+00	3.300000e+00	2.414566e+00	2.403729e-01
1.226262933113177e+00	3.300000e+00	2.303446e+00	2.292094e-01
1.235977218827462e+00	3.300000e+00	2.188716e+00	2.177018e-01
1.245691504541746e+00	3.300000e+00	2.070374e+00	2.058499e-01
1.255405790256031e+00	3.300000e+00	1.948422e+00	1.936539e-01
1.265120075970316e+00	3.300000e+00	1.822858e+00	1.811137e-01
1.272977218827458e+00	3.300000e+00	1.724592e+00	1.713150e-01
1.280834361684600e+00	3.300000e+00	1.631145e+00	1.620082e-01
1.288691504541742e+00	3.300000e+00	1.542517e+00	1.531933e-01
1.296548647398884e+00	3.300000e+00	1.458709e+00	1.448703e-01
1.304405790256026e+00	3.300000e+00	1.379721e+00	1.370392e-01
1.312262933113168e+00	3.299999e+00	1.305552e+00	1.296999e-01
1.320120075970310e+00	3.299998e+00	1.236202e+00	1.228526e-01
1.321120075970309e+00	3.285672e+00	1.228153e+00	1.220591e-01
1.321245075970309e+00	3.272267e+00	1.227156e+00	1.219608e-01
1.321495075970309e+00	3.197882e+00	1.225166e+00	1.217648e-01
1.321998075970309e+00	2.270349e+00	1.221186e+00	1.213726e-01
1.322017933113167e+00	2.194341e+00	1.221030e+00	1.213572e-01
1.322037790256024e+00	2.116531e+00	1.220873e+00	1.213418e-01
1.322057647398881e+00	2.036918e+00	1.220717e+00	1.213264e-01
1.322077504541738e+00	1.955503e+00	1.220560e+00	1.213110e-01
1.322097361684595e+00	1.872286e+00	1.220404e+00	1.212956e-01
1.322117218827452e+00	1.787266e+00	1.220248e+00	1.212802e-01
1.322137075970309e+00	1.700444e+00	1.220092e+00	1.212648e-01
1.322153075970309e+00	1.679820e+00	1.219966e+00	1.212524e-01
1.322249075970309e+00	1.668266e+00	1.219212e+00	1.211782e-01
1.323145075970309e+00	1.657100e+00	1.212227e+00	1.204903e-01
1.323649933113167e+00	1.654905e+00	1.208335e+00	1.201071e-01
1.324154790256024e+00	1.652675e+00	1.204476e+00	1.197271e-01
1.324659647398881e+00	1.650411e+00	1.200649e+00	1.193504e-01
1.325164504541738e+00	1.648112e+00	1.196854e+00	1.189770e-01
1.325669361684595e+00	1.645778e+00	1.193091e+00	1.186068e-01
1.326174218827452e+00	1.643410e+00	1.189360e+00	1.182399e-01
1.326679075970309e+00	1.641007e+00	1.185662e+00	1.178762e-01
1.327316075970309e+00	1.632949e+00	1.181044e+00	1.174221e-01
1.327567075970309e+00	1.239743e+00	1.179238e+00	1.172446e-01
1.327612361684595e+00	1.075734e+00	1.178913e+00	1.172127e-01
1.327657647398881e+00	9.257541e-01	1.178589e+00	1.171808e-01
1.327702933113166e+00	7.898029e-01	1.178264e+00	1.171489e-01
1.327748218827452e+00	6.678805e-01	1.177940e+00	1.171170e-01
1.327793504541738e+00	5.599870e-01	1.177616e+00	1.170852e-01
1.327838790256023e+00	4.661223e-01	1.177292e+00	1.170534e-01
1.327884075970309e+00	3.862864e-01	1.176969e+00	1.170216e-01
1.327948075970309e+00	2.939584e-01	1.176513e+00	1.169768e-01
1.328076075970309e+00	1.668748e-01	1.175601e+00	1.168872e-01
1.328332075970309e+00	5.154606e-02	1.173785e+00	1.167087e-01
1.328844075970309e+00	4.721501e-03	1.170178e+00	1.163544e-01
1.329844075970309e+00	4.610699e-05	1.163232e+00	1.156724e-01
1.330844075970309e+00	4.910385e-07	1.156419e+00	1.150036e-01
1.339986933113165e+00	2.705800e-07	1.099625e+00	1.094481e-01
1.349129790256021e+00	1.002248e-07	1.055652e+00	1.051772e-01
1.358272647398877e+00	-2.002697e-08	1.024501e+00	1.021911e-01
1.367415504541733e+00	-9.017533e-08	1.006172e+00	1.004896e-01
1.376558361684590e+00	-1.102203e-07	1.000664e+00	1.000727e-01
1.385701218827446e+00	-8.016185e-08	1.007978e+00	1.009406e-01
1.394844075970302e+00	0.000000e+00	1.028114e+00	1.030931e-01
1.398558361684587e+00	-2.026116e-09	1.040241e+00	1.043599e-01
1.402272647398872e+00	-2.784019e-09	1.054369e+00	1.058256e-01
1.405986933113158e+00	-2.273709e-09	1.070498e+00	1.074904e-01
1.409701218827443e+00	-4.951857e-10	1.088627e+00	1.093543e-01
1.413415504541728e+00	2.551550e-09	1.108757e+00	1.114173e-01
1.417129790256014e+00	6.866500e-09	1.130888e+00	1.136792e-01
1.420844075970299e+00	1.244966e-08	1.155020e+00	1.161403e-01
1.421844075970299e+00	1.780991e-05	1.161806e+00	1.168315e-01
1.422844075970299e+00	1.792313e-03	1.168724e+00	1.175357e-01
1.423844075970299e+00	1.859730e-01	1.175773e+00	1.182531e-01
1.423969075970299e+00	3.221702e-01	1.176664e+00	1.183436e-01
1.424220075970299e+00	8.694398e-01	1.178458e+00	1.185261e-01
1.424246075970299e+00	9.523281e-01	1.178644e+00	1.185451e-01
1.424272075970298e+00	1.038579e+00	1.178831e+00	1.185640e-01
1.424298075970299e+00	1.128193e+00	1.179017e+00	1.185830e-01
1.424324075970299e+00	1.221169e+00	1.179204e+00	1.186020e-01
1.424350075970299e+00	1.317507e+00	1.179390e+00	1.186210e-01
1.424376075970299e+00	1.417209e+00	1.179577e+00	1.186399e-01
1.424402075970299e+00	1.520272e+00	1.179764e+00	1.186589e-01
1.424422075970299e+00	1.598991e+00	1.179907e+00	1.186736e-01
1.424430075970299e+00	1.614654e+00	1.179965e+00	1.186794e-01
1.424478075970299e+00	1.626929e+00	1.180310e+00	1.187145e-01
1.424926075970299e+00	1.638489e+00	1.183547e+00	1.190437e-01
1.425438075970299e+00	1.642497e+00	1.187278e+00	1.194231e-01
1.426033933113156e+00	1.644114e+00	1.191664e+00	1.198689e-01
1.426629790256013e+00	1.646350e+00	1.196094e+00	1.203191e-01
1.427225647398870e+00	1.649205e+00	1.200568e+00	1.207737e-01
1.427821504541727e+00	1.652678e+00	1.205088e+00	1.212327e-01
1.428417361684584e+00	1.656769e+00	1.209652e+00	1.216962e-01
1.429013218827441e+00	1.661479e+00	1.214262e+00	1.221641e-01
1.429609075970298e+00	1.666807e+00	1.218916e+00	1.226365e-01
1.429860075970298e+00	2.124914e+00	1.220889e+00	1.228367e-01
1.429914504541727e+00	2.329401e+00	1.221317e+00	1.228802e-01
1.429968933113156e+00	2.510806e+00	1.221747e+00	1.229238e-01
1.430023361684584e+00	2.669129e+00	1.222176e+00	1.229674e-01
1.430077790256013e+00	2.804368e+00	1.222606e+00	1.230110e-01
1.430132218827441e+00	2.916524e+00	1.223036e+00	1.230547e-01
1.430186647398870e+00	3.005598e+00	1.223467e+00	1.230984e-01
1.430241075970298e+00	3.071589e+00	1.223898e+00	1.231421e-01
1.430369075970298e+00	3.179816e+00	1.224913e+00	1.232451e-01
1.430625075970298e+00	3.268218e+00	1.226950e+00	1.234517e-01
1.431137075970298e+00	3.297911e+00	1.231046e+00	1.238673e-01
1.439994218827440e+00	3.298849e+00	1.309734e+00	1.318351e-01
1.448851361684582e+00	3.299573e+00	1.394143e+00	1.403621e-01
1.457708504541724e+00	3.300085e+00	1.484273e+00	1.494484e-01
1.466565647398866e+00	3.300384e+00	1.580125e+00	1.590940e-01
1.475422790256008e+00	3.300469e+00	1.681698e+00	1.692989e-01
1.484279933113150e+00	3.300341e+00	1.788992e+00	1.800630e-01
1.493137075970292e+00	3.300000e+00	1.902008e+00	1.913865e-01
1.503137075970290e+00	3.300000e+00	2.032203e+00	2.044094e-01
1.513137075970289e+00	3.300000e+00	2.157204e+00	2.168955e-01
1.523137075970288e+00	3.300000e+00	2.277011e+00	2.288449e-01
1.533137075970287e+00	3.300000e+00	2.391624e+00	2.402575e-01
1.543137075970286e+00	3.300000e+00	2.501043e+00	2.511333e-01
1.553137075970285e+00	3.300000e+00	2.605269e+00	2.614723e-01
1.563137075970284e+00	3.300000e+00	2.704300e+00	2.712745e-01
1.572565647398854e+00	3.300000e+00	2.784974e+00	2.792322e-01
1.581994218827425e+00	3.300000e+00	2.852797e+00	2.858988e-01
1.591422790255995e+00	3.300000e+00	2.907768e+00	2.912742e-01
1.600851361684565e+00	3.300000e+00	2.949888e+00	2.953586e-01
1.610279933113136e+00	3.300000e+00	2.979158e+00	2.981518e-01
1.619708504541706e+00	3.300000e+00	2.995575e+00	2.996539e-01
1.629137075970277e+00	3.300000e+00	2.999142e+00	2.998649e-01
1.638851361684561e+00	3.300000e+00	2.985029e+00	2.983041e-01
1.648565647398846e+00	3.300000e+00	2.957842e+00	2.954438e-01
1.658279933113131e+00	3.300000e+00	2.917581e+00	2.912841e-01
1.667994218827415e+00	3.300000e+00	2.864247e+00	2.858248e-01
1.677708504541700e+00	3.300000e+00	2.797840e+00	2.790662e-01
1.687422790255984e+00	3.300000e+00	2.718359e+00	2.710080e-01
1.697137075970269e+00	3.300000e+00	2.625805e+00	2.616504e-01
1.698137075970269e+00	3.300000e+00	2.615956e+00	2.606562e-01
1.707851361684554e+00	3.300000e+00	2.511149e+00	2.500918e-01
1.717565647398838e+00	3.300000e+00	2.402914e+00	2.392015e-01
1.727279933113123e+00	3.300000e+00	2.291249e+00	2.279852e-01
1.736994218827407e+00	3.300000e+00	2.176155e+00	2.164429e-01
1.746708504541692e+00	3.300000e+00	2.057631e+00	2.045747e-01
1.756422790255977e+00	3.300000e+00	1.935678e+00	1.923804e-01
1.766137075970261e+00	3.300000e+00	1.810296e+00	1.798602e-01
1.773851361684546e+00	3.300000e+00	1.714163e+00	1.702757e-01
1.781565647398831e+00	3.300000e+00	1.622730e+00	1.611708e-01
1.789279933113116e+00	3.300000e+00	1.535997e+00	1.525453e-01
1.796994218827401e+00	3.300000e+00	1.453964e+00	1.443994e-01
1.804708504541686e+00	3.300000e+00	1.376631e+00	1.367331e-01
1.812422790255971e+00	3.299999e+00	1.303998e+00	1.295463e-01
1.820137075970256e+00	3.299998e+00	1.236064e+00	1.228390e-01
1.821137075970255e+00	3.284321e+00	1.228017e+00	1.220458e-01
1.821262075970255e+00	3.269668e+00	1.227020e+00	1.219475e-01
1.821512075970255e+00	3.188589e+00	1.225031e+00	1.217515e-01
1.822013075970255e+00	2.213705e+00	1.221068e+00	1.213610e-01
1.822031218827398e+00	2.142605e+00	1.220925e+00	1.213469e-01
1.822049361684541e+00	2.070361e+00	1.220782e+00	1.213328e-01
1.822067504541684e+00	1.996974e+00	1.220639e+00	1.213188e-01
1.822085647398827e+00	1.922443e+00	1.220496e+00	1.213047e-01
1.822103790255970e+00	1.846769e+00	1.220354e+00	1.212906e-01
1.822121933113112e+00	1.769951e+00	1.220211e+00	1.212766e-01
1.822140075970255e+00	1.691990e+00	1.220068e+00	1.212625e-01
1.822154075970255e+00	1.679068e+00	1.219958e+00	1.212517e-01
1.822266075970255e+00	1.667652e+00	1.219078e+00	1.211650e-01
1.823162075970255e+00	1.656996e+00	1.212096e+00	1.204773e-01
1.823666933113113e+00	1.654825e+00	1.208205e+00	1.200942e-01
1.824171790255970e+00	1.652611e+00	1.204347e+00	1.197144e-01
1.824676647398827e+00	1.650353e+00	1.200520e+00	1.193378e-01
1.825181504541684e+00	1.648050e+00	1.196727e+00	1.189645e-01
1.825686361684541e+00	1.645704e+00	1.192965e+00	1.185944e-01
1.826191218827398e+00	1.643313e+00	1.189235e+00	1.182276e-01
1.826696075970255e+00	1.640879e+00	1.185538e+00	1.178640e-01
1.827333075970255e+00	1.632495e+00	1.180921e+00	1.174100e-01
1.827584075970255e+00	1.177455e+00	1.179116e+00	1.172326e-01
1.827629361684541e+00	1.018455e+00	1.178791e+00	1.172007e-01
1.827674647398827e+00	8.735077e-01	1.178467e+00	1.171688e-01
1.827719933113112e+00	7.426119e-01	1.178142e+00	1.171369e-01
1.827765218827398e+00	6.257680e-01	1.177818e+00	1.171051e-01
1.827810504541683e+00	5.229760e-01	1.177495e+00	1.170733e-01
1.827855790255969e+00	4.342360e-01	1.177171e+00	1.170415e-01
1.827901075970255e+00	3.595478e-01	1.176848e+00	1.170097e-01
1.827965075970255e+00	2.730355e-01	1.176391e+00	1.169649e-01
1.828093075970255e+00	1.545600e-01	1.175480e+00	1.168753e-01
1.828349075970255e+00	4.763056e-02	1.173664e+00	1.166969e-01
1.828861075970255e+00	4.361382e-03	1.170059e+00	1.163427e-01
1.829861075970255e+00	4.264927e-05	1.163115e+00	1.156609e-01
1.830861075970255e+00	4.548969e-07	1.156304e+00	1.149924e-01
1.840003933113111e+00	2.506646e-07	1.099532e+00	1.094391e-01
1.849146790255967e+00	9.284796e-08	1.055583e+00	1.051705e-01
1.858289647398823e+00	-1.855300e-08	1.024455e+00	1.021866e-01
1.867432504541679e+00	-8.353827e-08	1.006149e+00	1.004875e-01
1.876575361684536e+00	-1.021079e-07	1.000665e+00	1.000731e-01
1.885718218827392e+00	-7.426178e-08	1.008004e+00	1.009434e-01
1.894861075970248e+00	0.000000e+00	1.028164e+00	1.030984e-01
1.898575361684533e+00	-2.183755e-09	1.040301e+00	1.043661e-01
1.902289647398818e+00	-3.000626e-09	1.054439e+00	1.058328e-01
1.906003933113104e+00	-2.450613e-09	1.070577e+00	1.074986e-01
1.909718218827389e+00	-5.337154e-10	1.088715e+00	1.093633e-01
1.913432504541674e+00	2.750066e-09	1.108854e+00	1.114272e-01
1.917146790255960e+00	7.400732e-09	1.130994e+00	1.136900e-01
1.920861075970245e+00	1.341828e-08	1.155134e+00	1.161519e-01
1.921861075970245e+00	1.924833e-05	1.161922e+00	1.168433e-01
1.922861075970245e+00	1.939879e-03	1.168842e+00	1.175478e-01
1.923861075970245e+00	2.006424e-01	1.175894e+00	1.182654e-01
1.923986075970245e+00	3.464448e-01	1.176785e+00	1.183560e-01
1.924237075970245e+00	9.224256e-01	1.178580e+00	1.185385e-01
1.924263075970245e+00	1.008432e+00	1.178766e+00	1.185575e-01
1.924289075970244e+00	1.097428e+00	1.178952e+00	1.185764e-01
1.924315075970245e+00	1.189415e+00	1.179139e+00	1.185954e-01
1.924341075970245e+00	1.284393e+00	1.179326e+00	1.186144e-01
1.924367075970245e+00	1.382360e+00	1.179512e+00	1.186334e-01
1.924393075970245e+00	1.483319e+00	1.179699e+00	1.186524e-01
1.924419075970245e+00	1.587267e+00	1.179886e+00	1.186714e-01
1.924435075970245e+00	1.618245e+00	1.180001e+00	1.186831e-01
1.924531075970245e+00	1.630444e+00	1.180692e+00	1.187533e-01
1.925427075970245e+00	1.642429e+00	1.187198e+00	1.194149e-01
1.926022933113102e+00	1.644095e+00	1.191582e+00	1.198606e-01
1.926618790255959e+00	1.646353e+00	1.196011e+00	1.203107e-01
1.927214647398816e+00	1.649203e+00	1.200485e+00	1.207653e-01
1.927810504541673e+00	1.652644e+00	1.205004e+00	1.212242e-01
1.928406361684530e+00	1.656678e+00	1.209568e+00	1.216876e-01
1.929002218827387e+00	1.661303e+00	1.214176e+00	1.221555e-01
1.929598075970244e+00	1.666521e+00	1.218829e+00	1.226277e-01
1.929849075970244e+00	2.080858e+00	1.220802e+00	1.228279e-01
1.929903504541673e+00	2.290490e+00	1.221231e+00	1.228714e-01
1.929957933113102e+00	2.476820e+00	1.221660e+00	1.229150e-01
1.930012361684530e+00	2.639846e+00	1.222089e+00	1.229586e-01
1.930066790255959e+00	2.779570e+00	1.222519e+00	1.230022e-01
1.930121218827387e+00	2.895991e+00	1.222949e+00	1.230459e-01
1.930175647398816e+00	2.989109e+00	1.223380e+00	1.230896e-01
1.930230075970244e+00	3.058924e+00	1.223811e+00	1.231333e-01
1.930358075970244e+00	3.172889e+00	1.224826e+00	1.232363e-01
1.930614075970244e+00	3.266324e+00	1.226862e+00	1.234428e-01
1.931126075970244e+00	3.297784e+00	1.230958e+00	1.238584e-01
1.939983218827386e+00	3.298779e+00	1.309634e+00	1.318250e-01
1.948840361684528e+00	3.299548e+00	1.394033e+00	1.403510e-01
1.957697504541670e+00	3.300090e+00	1.484154e+00	1.494365e-01
1.966554647398812e+00	3.300407e+00	1.579999e+00	1.590814e-01
1.975411790255954e+00	3.300497e+00	1.681567e+00	1.692857e-01
1.984268933113096e+00	3.300362e+00	1.788857e+00	1.800495e-01
1.993126075970238e+00	3.300000e+00	1.901871e+00	1.913727e-01
2.003126075970237e+00	3.300000e+00	2.032065e+00	2.043956e-01
2.013126075970236e+00	3.300000e+00	2.157068e+00	2.168819e-01
2.023126075970235e+00	3.300000e+00	2.276878e+00	2.288317e-01
2.033126075970233e+00	3.300000e+00	2.391497e+00	2.402448e-01
2.043126075970232e+00	3.300000e+00	2.500924e+00	2.511214e-01
2.053126075970231e+00	3.300000e+00	2.605159e+00	2.614614e-01
2.063126075970230e+00	3.300000e+00	2.704202e+00	2.712648e-01
2.072554647398801e+00	3.300000e+00	2.784888e+00	2.792238e-01
2.081983218827371e+00	3.300000e+00	2.852725e+00	2.858917e-01
2.091411790255941e+00	3.300000e+00	2.907710e+00	2.912686e-01
2.100840361684511e+00	3.300000e+00	2.949845e+00	2.953544e-01
2.110268933113082e+00	3.300000e+00	2.979130e+00	2.981492e-01
2.119697504541652e+00	3.300000e+00	2.995564e+00	2.996529e-01
2.129126075970223e+00	3.300000e+00	2.999147e+00	2.998656e-01
2.138840361684507e+00	3.300000e+00	2.985051e+00	2.983065e-01
2.148554647398792e+00	3.300000e+00	2.957881e+00	2.954479e-01
2.158268933113077e+00	3.300000e+00	2.917636e+00	2.912897e-01
2.167983218827362e+00	3.300000e+00	2.864317e+00	2.858319e-01
2.177697504541646e+00	3.300000e+00	2.797923e+00	2.790746e-01
2.187411790255931e+00	3.300000e+00	2.718455e+00	2.710178e-01
2.197126075970215e+00	3.300000e+00	2.625913e+00	2.616613e-01
2.206840361684500e+00	3.300000e+00	2.522010e+00	2.511857e-01
2.216554647398785e+00	3.300000e+00	2.414497e+00	2.403660e-01
2.226268933113069e+00	3.300000e+00	2.303375e+00	2.292022e-01
2.235983218827354e+00	3.300000e+00	2.188642e+00	2.176944e-01
2.245697504541639e+00	3.300000e+00	2.070299e+00	2.058424e-01
2.255411790255923e+00	3.300000e+00	1.948346e+00	1.936464e-01
2.265126075970208e+00	3.300000e+00	1.822784e+00	1.811063e-01
2.272983218827350e+00	3.300000e+00	1.724519e+00	1.713078e-01
2.280840361684492e+00	3.300000e+00	1.631075e+00	1.620013e-01
2.288697504541634e+00	3.300000e+00	1.542450e+00	1.531867e-01
2.296554647398776e+00	3.300000e+00	1.458646e+00	1.448640e-01
2.304411790255918e+00	3.300000e+00	1.379662e+00	1.370333e-01
2.312268933113060e+00	3.299999e+00	1.305498e+00	1.296946e-01
2.320126075970202e+00	3.299998e+00	1.236153e+00	1.228478e-01
2.321126075970202e+00	3.285209e+00	1.228105e+00	1.220544e-01
2.321251075970202e+00	3.271376e+00	1.227108e+00	1.219561e-01
2.321501075970202e+00	3.194691e+00	1.225119e+00	1.217601e-01
2.322004075970202e+00	2.247886e+00	1.221139e+00	1.213680e-01
2.322022790255916e+00	2.175858e+00	1.220991e+00	1.213535e-01
2.322041504541630e+00	2.102182e+00	1.220844e+00	1.213389e-01
2.322060218827345e+00	2.026857e+00	1.220697e+00	1.213244e-01
2.322078933113059e+00	1.949885e+00	1.220549e+00	1.213099e-01
2.322097647398774e+00	1.871264e+00	1.220402e+00	1.212954e-01
2.322116361684488e+00	1.790995e+00	1.220255e+00	1.212809e-01
2.322135075970202e+00	1.709078e+00	1.220107e+00	1.212664e-01
2.322143075970202e+00	1.686736e+00	1.220044e+00	1.212602e-01
2.322159075970202e+00	1.676749e+00	1.219919e+00	1.212478e-01
2.322383075970202e+00	1.664059e+00	1.218161e+00	1.210746e-01
2.323151075970202e+00	1.657063e+00	1.212181e+00	1.204857e-01
2.323655933113059e+00	1.654877e+00	1.208289e+00	1.201025e-01
2.324160790255916e+00	1.652653e+00	1.204430e+00	1.197226e-01
2.324665647398773e+00	1.650390e+00	1.200603e+00	1.193460e-01
2.325170504541630e+00	1.648090e+00	1.196809e+00	1.189726e-01
2.325675361684487e+00	1.645752e+00	1.193046e+00	1.186024e-01
2.326180218827345e+00	1.643376e+00	1.189316e+00	1.182355e-01
2.326685075970202e+00	1.640962e+00	1.185618e+00	1.178719e-01
2.327322075970202e+00	1.632792e+00	1.181001e+00	1.174178e-01
2.327573075970202e+00	1.217603e+00	1.179195e+00	1.172404e-01
2.327618361684487e+00	1.055327e+00	1.178870e+00	1.172084e-01
2.327663647398773e+00	9.070975e-01	1.178545e+00	1.171765e-01
2.327708933113059e+00	7.729154e-01	1.178221e+00	1.171447e-01
2.327754218827345e+00	6.527802e-01	1.177897e+00	1.171128e-01
2.327799504541630e+00	5.466921e-01	1.177573e+00	1.170810e-01
2.327844790255916e+00	4.546509e-01	1.177250e+00	1.170492e-01
2.327890075970202e+00	3.766568e-01	1.176926e+00	1.170174e-01
2.327954075970202e+00	2.864129e-01	1.176470e+00	1.169726e-01
2.328082075970202e+00	1.624253e-01	1.175559e+00	1.168830e-01
2.328338075970202e+00	5.012907e-02	1.173742e+00	1.167046e-01
2.328850075970202e+00	4.591117e-03	1.170136e+00	1.163503e-01
2.329850075970202e+00	4.485559e-05	1.163191e+00	1.156683e-01
2.330850075970202e+00	4.779646e-07	1.156379e+00	1.149996e-01
2.339992933113058e+00	2.633758e-07	1.099592e+00	1.094449e-01
2.349135790255914e+00	9.755629e-08	1.055628e+00	1.051749e-01
2.358278647398770e+00	-1.949378e-08	1.024485e+00	1.021895e-01
2.367421504541626e+00	-8.777444e-08	1.006164e+00	1.004888e-01
2.376564361684482e+00	-1.072857e-07	1.000665e+00	1.000729e-01
2.385707218827338e+00	-7.802755e-08	1.007987e+00	1.009416e-01
2.394850075970195e+00	0.000000e+00	1.028132e+00	1.030950e-01
2.398564361684480e+00	-2.080404e-09	1.040262e+00	1.043621e-01
2.402278647398765e+00	-2.858614e-09	1.054394e+00	1.058282e-01
2.405992933113050e+00	-2.334631e-09	1.070526e+00	1.074933e-01
2.409707218827336e+00	-5.084545e-10	1.088658e+00	1.093575e-01
2.413421504541621e+00	2.619915e-09	1.108792e+00	1.114208e-01
2.417135790255907e+00	7.050478e-09	1.130926e+00	1.136831e-01
2.420850075970192e+00	1.278323e-08	1.155060e+00	1.161444e-01
2.421850075970192e+00	1.830483e-05	1.161847e+00	1.168356e-01
2.422850075970191e+00	1.843063e-03	1.168765e+00	1.175400e-01
2.423850075970191e+00	1.910311e-01	1.175816e+00	1.182574e-01
2.423975075970191e+00	3.305586e-01	1.176707e+00	1.183480e-01
2.424226075970191e+00	8.879139e-01	1.178501e+00	1.185305e-01
2.424252075970192e+00	9.719168e-01	1.178687e+00	1.185494e-01
2.424278075970191e+00	1.059155e+00	1.178874e+00	1.185684e-01
2.424304075970191e+00	1.149629e+00	1.179060e+00	1.185874e-01
2.424330075970191e+00	1.243338e+00	1.179247e+00	1.186063e-01
2.424356075970191e+00	1.340283e+00	1.179433e+00	1.186253e-01
2.424382075970191e+00	1.440463e+00	1.179620e+00	1.186443e-01
2.424408075970191e+00	1.543878e+00	1.179807e+00	1.186633e-01
2.424424075970191e+00	1.604772e+00	1.179922e+00	1.186750e-01
2.424436075970191e+00	1.618744e+00	1.180008e+00	1.186838e-01
2.424484075970191e+00	1.628793e+00	1.180354e+00	1.187189e-01
2.424932075970191e+00	1.638483e+00	1.183591e+00	1.190482e-01
2.425444075970191e+00	1.642534e+00	1.187322e+00	1.194276e-01
2.426039933113048e+00	1.644124e+00	1.191708e+00	1.198734e-01
2.426635790255905e+00	1.646348e+00	1.196138e+00	1.203236e-01
2.427231647398763e+00	1.649205e+00	1.200614e+00	1.207783e-01
2.427827504541620e+00	1.652696e+00	1.205134e+00	1.212374e-01
2.428423361684477e+00	1.656820e+00	1.209699e+00	1.217009e-01
2.429019218827334e+00	1.661578e+00	1.214308e+00	1.221689e-01
2.429615075970191e+00	1.666969e+00	1.218963e+00	1.226413e-01
2.429868075970191e+00	2.156514e+00	1.220952e+00	1.228431e-01
2.429922218827334e+00	2.356265e+00	1.221378e+00	1.228864e-01
2.429976361684477e+00	2.533323e+00	1.221805e+00	1.229297e-01
2.430030504541620e+00	2.687689e+00	1.222233e+00	1.229731e-01
2.430084647398763e+00	2.819364e+00	1.222660e+00	1.230165e-01
2.430138790255906e+00	2.928347e+00	1.223088e+00	1.230600e-01
2.430192933113048e+00	3.014637e+00	1.223517e+00	1.231034e-01
2.430247075970191e+00	3.078236e+00	1.223946e+00	1.231470e-01
2.430375075970191e+00	3.183440e+00	1.224961e+00	1.232500e-01
2.430631075970191e+00	3.269206e+00	1.226997e+00	1.234566e-01
2.431143075970191e+00	3.297977e+00	1.231094e+00	1.238722e-01
2.440000218827333e+00	3.298885e+00	1.309788e+00	1.318406e-01
2.448857361684475e+00	3.299587e+00	1.394203e+00	1.403681e-01
2.457714504541617e+00	3.300082e+00	1.484337e+00	1.494549e-01
2.466571647398759e+00	3.300371e+00	1.580193e+00	1.591009e-01
2.475428790255901e+00	3.300454e+00	1.681769e+00	1.693061e-01
2.484285933113042e+00	3.300330e+00	1.789066e+00	1.800704e-01
2.493143075970184e+00	3.300000e+00	1.902083e+00	1.913940e-01
2.505143075970183e+00	3.300000e+00	2.052690e+00	2.064585e-01
2.515571647398753e+00	3.300000e+00	2.187713e+00	2.199393e-01
2.526000218827324e+00	3.300000e+00	2.314500e+00	2.325790e-01
2.536428790255894e+00	3.300000e+00	2.433049e+00	2.443775e-01
2.546857361684464e+00	3.300000e+00	2.543361e+00	2.553348e-01
2.557285933113034e+00	3.300000e+00	2.645437e+00	2.654509e-01
2.567714504541605e+00	3.300000e+00	2.739274e+00	2.747258e-01
2.578143075970175e+00	3.300000e+00	2.824875e+00	2.831596e-01
2.587143075970174e+00	3.300000e+00	2.884300e+00	2.889826e-01
2.596143075970173e+00	3.300000e+00	2.931387e+00	2.935689e-01
2.605143075970172e+00	3.300000e+00	2.966138e+00	2.969184e-01
2.614143075970171e+00	3.300000e+00	2.988551e+00	2.990313e-01
2.623143075970170e+00	3.300000e+00	2.998628e+00	2.999074e-01
2.632143075970169e+00	3.300000e+00	2.996368e+00	2.995468e-01
2.641143075970168e+00	3.300000e+00	2.981771e+00	2.979494e-01
2.651428790255881e+00	3.300000e+00	2.946180e+00	2.942362e-01
2.661714504541594e+00	3.300000e+00	2.897481e+00	2.892240e-01
2.672000218827308e+00	3.300000e+00	2.835675e+00	2.829128e-01
2.682285933113020e+00	3.300000e+00	2.760762e+00	2.753025e-01
2.692571647398734e+00	3.300000e+00	2.672741e+00	2.663932e-01
2.702857361684447e+00	3.300000e+00	2.571612e+00	2.561849e-01
2.713143075970160e+00	3.300000e+00	2.457376e+00	2.446775e-01
2.722428790255873e+00	3.300000e+00	2.346841e+00	2.335675e-01
2.731714504541586e+00	3.300000e+00	2.235414e+00	2.223841e-01
2.741000218827300e+00	3.300000e+00	2.123094e+00	2.111273e-01
2.750285933113013e+00	3.300000e+00	2.009882e+00	1.997972e-01
2.759571647398726e+00	3.300000e+00	1.895776e+00	1.883938e-01
2.768857361684439e+00	3.300000e+00	1.780779e+00	1.769171e-01
2.778143075970153e+00	3.300000e+00	1.664888e+00	1.653670e-01
2.784143075970152e+00	3.300000e+00	1.593976e+00	1.583099e-01
2.790143075970152e+00	3.300000e+00	1.526279e+00	1.515798e-01
2.796143075970151e+00	3.300000e+00	1.461797e+00	1.451766e-01
2.802143075970150e+00	3.300000e+00	1.400530e+00	1.391005e-01
2.808143075970150e+00	3.299999e+00	1.342477e+00	1.333514e-01
2.814143075970149e+00	3.299999e+00	1.287639e+00	1.279293e-01
2.820143075970148e+00	3.299998e+00	1.236016e+00	1.228342e-01
2.821143075970148e+00	3.283814e+00	1.227969e+00	1.220410e-01
2.821268075970148e+00	3.268695e+00	1.226973e+00	1.219428e-01
2.821518075970148e+00	3.185119e+00	1.224984e+00	1.217468e-01
2.822019075970148e+00	2.190617e+00	1.221021e+00	1.213563e-01
2.822145075970148e+00	1.683754e+00	1.220029e+00	1.212586e-01
2.822181504541577e+00	1.676405e+00	1.219742e+00	1.212304e-01
2.822217933113005e+00	1.670560e+00	1.219456e+00	1.212022e-01
2.822254361684434e+00	1.666218e+00	1.219170e+00	1.211741e-01
2.822290790255863e+00	1.663380e+00	1.218884e+00	1.211459e-01
2.822327218827291e+00	1.662045e+00	1.218599e+00	1.211178e-01
2.822363647398720e+00	1.662214e+00	1.218313e+00	1.210896e-01
2.822400075970148e+00	1.663886e+00	1.218028e+00	1.210615e-01
2.823168075970148e+00	1.656959e+00	1.212049e+00	1.204727e-01
2.823672933113005e+00	1.654798e+00	1.208159e+00	1.200897e-01
2.824177790255863e+00	1.652589e+00	1.204301e+00	1.197099e-01
2.824682647398720e+00	1.650332e+00	1.200475e+00	1.193333e-01
2.825187504541577e+00	1.648028e+00	1.196682e+00	1.189601e-01
2.825692361684434e+00	1.645677e+00	1.192920e+00	1.185900e-01
2.826197218827291e+00	1.643279e+00	1.189191e+00	1.182232e-01
2.826702075970148e+00	1.640833e+00	1.185494e+00	1.178597e-01
2.827339075970148e+00	1.632327e+00	1.180878e+00	1.174058e-01
2.827590075970148e+00	1.155810e+00	1.179073e+00	1.172284e-01
2.827635361684434e+00	9.986478e-01	1.178748e+00	1.171965e-01
2.827680647398719e+00	8.555252e-01	1.178424e+00	1.171646e-01
2.827725933113005e+00	7.264423e-01	1.178099e+00	1.171327e-01
2.827771218827291e+00	6.113991e-01	1.177775e+00	1.171008e-01
2.827816504541577e+00	5.103955e-01	1.177452e+00	1.170690e-01
2.827861790255862e+00	4.234316e-01	1.177128e+00	1.170373e-01
2.827907075970148e+00	3.505073e-01	1.176805e+00	1.170055e-01
2.827971075970148e+00	2.659817e-01	1.176349e+00	1.169607e-01
2.828099075970148e+00	1.504245e-01	1.175438e+00	1.168711e-01
2.828355075970148e+00	4.632008e-02	1.173622e+00	1.166928e-01
2.828867075970148e+00	4.240968e-03	1.170017e+00	1.163386e-01
2.829867075970148e+00	4.149209e-05	1.163074e+00	1.156568e-01
2.830867075970148e+00	4.427893e-07	1.156264e+00	1.149884e-01
2.840009933113004e+00	2.439929e-07	1.099500e+00	1.094359e-01
2.849152790255860e+00	9.037669e-08	1.055558e+00	1.051681e-01
2.858295647398716e+00	-1.805921e-08	1.024438e+00	1.021851e-01
2.867438504541572e+00	-8.131482e-08	1.006141e+00	1.004868e-01
2.876581361684428e+00	-9.939016e-08	1.000666e+00	1.000732e-01
2.885724218827285e+00	-7.228522e-08	1.008013e+00	1.009444e-01
2.894867075970141e+00	0.000000e+00	1.028182e+00	1.031003e-01
2.898581361684426e+00	-2.242287e-09	1.040322e+00	1.043683e-01
2.902295647398712e+00	-3.081053e-09	1.054463e+00	1.058353e-01
2.906009933112997e+00	-2.516298e-09	1.070605e+00	1.075014e-01
2.909724218827282e+00	-5.480217e-10	1.088746e+00	1.093665e-01
2.913438504541567e+00	2.823775e-09	1.108889e+00	1.114307e-01
2.917152790255853e+00	7.599093e-09	1.131031e+00	1.136938e-01
2.920867075970138e+00	1.377793e-08	1.155174e+00	1.161560e-01
2.921867075970138e+00	1.978340e-05	1.161963e+00	1.168475e-01
2.922867075970138e+00	1.994822e-03	1.168884e+00	1.175521e-01
2.923867075970138e+00	2.060747e-01	1.175937e+00	1.182697e-01
2.923992075970138e+00	3.553927e-01	1.176828e+00	1.183603e-01
2.924243075970138e+00	9.415954e-01	1.178623e+00	1.185429e-01
2.924267933112995e+00	1.024743e+00	1.178801e+00	1.185610e-01
2.924292790255852e+00	1.110503e+00	1.178979e+00	1.185791e-01
2.924317647398709e+00	1.198877e+00	1.179157e+00	1.185973e-01
2.924342504541567e+00	1.289864e+00	1.179336e+00	1.186154e-01
2.924367361684423e+00	1.383465e+00	1.179514e+00	1.186336e-01
2.924392218827281e+00	1.479678e+00	1.179693e+00	1.186517e-01
2.924417075970138e+00	1.578506e+00	1.179872e+00	1.186699e-01
2.924425075970138e+00	1.607735e+00	1.179929e+00	1.186758e-01
2.924441075970138e+00	1.621659e+00	1.180044e+00	1.186875e-01
2.924665075970138e+00	1.635996e+00	1.181658e+00	1.188516e-01
2.925433075970138e+00	1.642465e+00	1.187242e+00	1.194194e-01
2.926028933112995e+00	1.644106e+00	1.191627e+00	1.198651e-01
2.926624790255852e+00	1.646352e+00	1.196056e+00	1.203153e-01
2.927220647398709e+00	1.649204e+00	1.200531e+00	1.207699e-01
2.927816504541566e+00	1.652663e+00	1.205050e+00	1.212289e-01
2.928412361684424e+00	1.656728e+00	1.209614e+00	1.216923e-01
2.929008218827280e+00	1.661398e+00	1.214223e+00	1.221602e-01
2.929604075970138e+00	1.666676e+00	1.218876e+00	1.226325e-01
2.929855075970138e+00	2.104974e+00	1.220849e+00	1.228327e-01
2.929909504541566e+00	2.311819e+00	1.221278e+00	1.228762e-01
2.929963933112995e+00	2.495475e+00	1.221707e+00	1.229198e-01
2.930018361684423e+00	2.655941e+00	1.222137e+00	1.229634e-01
2.930072790255852e+00	2.793217e+00	1.222567e+00	1.230070e-01
2.930127218827280e+00	2.907304e+00	1.222997e+00	1.230507e-01
2.930181647398709e+00	2.998202e+00	1.223428e+00	1.230944e-01
2.930236075970138e+00	3.065910e+00	1.223859e+00	1.231381e-01
2.930364075970138e+00	3.176714e+00	1.224874e+00	1.232411e-01
2.930620075970138e+00	3.267370e+00	1.226910e+00	1.234477e-01
2.931132075970138e+00	3.297854e+00	1.231006e+00	1.238633e-01
2.939989218827280e+00	3.298817e+00	1.309688e+00	1.318305e-01
2.948846361684421e+00	3.299562e+00	1.394093e+00	1.403571e-01
2.957703504541563e+00	3.300087e+00	1.484219e+00	1.494430e-01
2.966560647398705e+00	3.300394e+00	1.580067e+00	1.590883e-01
2.975417790255847e+00	3.300481e+00	1.681638e+00	1.692929e-01
2.984274933112989e+00	3.300350e+00	1.788931e+00	1.800569e-01
2.993132075970131e+00	3.300000e+00	1.901946e+00	1.913802e-01
3.003132075970130e+00	3.300000e+00	2.032140e+00	2.044031e-01
3.013132075970129e+00	3.300000e+00	2.157142e+00	2.168894e-01
3.023132075970127e+00	3.300000e+00	2.276951e+00	2.288389e-01
3.033132075970126e+00	3.300000e+00	2.391566e+00	2.402517e-01
3.043132075970125e+00	3.300000e+00	2.500989e+00	2.511279e-01
3.053132075970124e+00	3.300000e+00	2.605219e+00	2.614673e-01
3.063132075970123e+00	3.300000e+00	2.704255e+00	2.712701e-01
3.072560647398694e+00	3.300000e+00	2.784935e+00	2.792284e-01
3.081989218827264e+00	3.300000e+00	2.852764e+00	2.858956e-01
3.091417790255834e+00	3.300000e+00	2.907742e+00	2.912717e-01
3.100846361684404e+00	3.300000e+00	2.949869e+00	2.953567e-01
3.110274933112975e+00	3.300000e+00	2.979145e+00	2.981506e-01
3.119703504541545e+00	3.300000e+00	2.995570e+00	2.996535e-01
3.129132075970116e+00	3.300000e+00	2.999145e+00	2.998652e-01
3.138846361684400e+00	3.300000e+00	2.985039e+00	2.983052e-01
3.148560647398685e+00	3.300000e+00	2.957859e+00	2.954457e-01
3.158274933112970e+00	3.300000e+00	2.917606e+00	2.912866e-01
3.167989218827254e+00	3.300000e+00	2.864279e+00	2.858281e-01
3.177703504541539e+00	3.300000e+00	2.797878e+00	2.790700e-01
3.187417790255824e+00	3.300000e+00	2.718403e+00	2.710124e-01
3.197132075970108e+00	3.300000e+00	2.625854e+00	2.616554e-01
3.206846361684393e+00	3.300000e+00	2.521946e+00	2.511792e-01
3.216560647398678e+00	3.300000e+00	2.414429e+00	2.403591e-01
3.226274933112962e+00	3.300000e+00	2.303303e+00	2.291950e-01
3.235989218827247e+00	3.300000e+00	2.188568e+00	2.176869e-01
3.245703504541531e+00	3.300000e+00	2.070224e+00	2.058349e-01
3.255417790255816e+00	3.300000e+00	1.948271e+00	1.936389e-01
3.265132075970101e+00	3.300000e+00	1.822710e+00	1.810989e-01
3.272989218827243e+00	3.300000e+00	1.724447e+00	1.713006e-01
3.280846361684385e+00	3.300000e+00	1.631005e+00	1.619943e-01
3.288703504541527e+00	3.300000e+00	1.542383e+00	1.531800e-01
3.296560647398669e+00	3.300000e+00	1.458582e+00	1.448578e-01
3.304417790255811e+00	3.300000e+00	1.379603e+00	1.370275e-01
3.312274933112953e+00	3.299999e+00	1.305443e+00	1.296892e-01
3.320132075970095e+00	3.299998e+00	1.236105e+00	1.228430e-01
3.321132075970095e+00	3.284731e+00	1.228057e+00	1.220497e-01
3.321257075970095e+00	3.270457e+00	1.227060e+00	1.219514e-01
3.321507075970095e+00	3.191404e+00	1.225071e+00	1.217554e-01
3.322008075970095e+00	2.232759e+00	1.221107e+00	1.213649e-01
3.322026504541523e+00	2.161382e+00	1.220962e+00	1.213506e-01
3.322044933112952e+00	2.088468e+00	1.220817e+00	1.213363e-01
3.322063361684381e+00	2.014017e+00	1.220672e+00	1.213220e-01
3.322081790255809e+00	1.938027e+00	1.220527e+00	1.213077e-01
3.322100218827237e+00	1.860501e+00	1.220382e+00	1.212934e-01
3.322118647398666e+00	1.781436e+00	1.220237e+00	1.212791e-01
3.322137075970095e+00	1.700834e+00	1.220092e+00	1.212648e-01
3.322141075970095e+00	1.689348e+00	1.220060e+00	1.212617e-01
3.322149075970095e+00	1.680563e+00	1.219997e+00	1.212555e-01
3.322261075970095e+00	1.667751e+00	1.219117e+00	1.211689e-01
3.323157075970095e+00	1.657026e+00	1.212134e+00	1.204811e-01
3.323661933112952e+00	1.654849e+00	1.208243e+00	1.200980e-01
3.324166790255809e+00	1.652630e+00	1.204385e+00	1.197181e-01
3.324671647398666e+00	1.650370e+00	1.200558e+00	1.193415e-01
3.325176504541523e+00	1.648069e+00	1.196764e+00	1.189682e-01
3.325681361684380e+00	1.645726e+00	1.193002e+00	1.185980e-01
3.326186218827238e+00	1.643342e+00	1.189272e+00	1.182312e-01
3.326691075970095e+00	1.640917e+00	1.185575e+00	1.178676e-01
3.327328075970095e+00	1.632632e+00	1.180957e+00	1.174136e-01
3.327579075970095e+00	1.195631e+00	1.179152e+00	1.172361e-01
3.327624361684380e+00	1.035127e+00	1.178827e+00	1.172042e-01
3.327669647398666e+00	8.886766e-01	1.178502e+00	1.171723e-01
3.327714933112952e+00	7.562806e-01	1.178178e+00	1.171404e-01
3.327760218827238e+00	6.379387e-01	1.177854e+00	1.171086e-01
3.327805504541523e+00	5.336510e-01	1.177530e+00	1.170768e-01
3.327850790255809e+00	4.434174e-01	1.177207e+00	1.170450e-01
3.327896075970095e+00	3.672380e-01	1.176883e+00	1.170132e-01
3.327960075970095e+00	2.790439e-01	1.176427e+00	1.169684e-01
3.328088075970095e+00	1.580890e-01	1.175516e+00	1.168788e-01
3.328344075970095e+00	4.875060e-02	1.173700e+00	1.167004e-01
3.328856075970095e+00	4.464343e-03	1.170094e+00	1.163462e-01
3.329856075970095e+00	4.363830e-05	1.163150e+00	1.156643e-01
3.330856075970094e+00	4.652403e-07	1.156338e+00	1.149957e-01
3.336141790255808e+00	2.563808e-07	1.122311e+00	1.116620e-01
3.341427504541522e+00	9.498677e-08	1.092430e+00	1.087446e-01
3.346713218827236e+00	-1.894166e-08	1.066696e+00	1.062436e-01
3.351998933112949e+00	-8.540456e-08	1.045108e+00	1.041588e-01
3.357284647398663e+00	-1.044019e-07	1.027666e+00	1.024905e-01
3.362570361684377e+00	-7.593373e-08	1.014370e+00	1.012384e-01
3.367856075970090e+00	0.000000e+00	1.005220e+00	1.004027e-01
3.375427504541518e+00	-2.141335e-09	1.000477e+00	1.000440e-01
3.382998933112946e+00	-2.943854e-09	1.004452e+00	1.005546e-01
3.390570361684373e+00	-2.407558e-09	1.017145e+00	1.019347e-01
3.398141790255802e+00	-5.324454e-10	1.038556e+00	1.041841e-01
3.405713218827229e+00	2.681483e-09	1.068686e+00	1.073028e-01
3.413284647398657e+00	7.234227e-09	1.107534e+00	1.112910e-01
3.420856075970085e+00	1.312579e-08	1.155100e+00	1.161485e-01
3.421856075970084e+00	1.881356e-05	1.161888e+00	1.168398e-01
3.422856075970084e+00	1.895255e-03	1.168807e+00	1.175443e-01
3.423856075970084e+00	1.962186e-01	1.175858e+00	1.182617e-01
3.423981075970084e+00	3.391415e-01	1.176750e+00	1.183523e-01
3.424232075970084e+00	9.066362e-01	1.178544e+00	1.185349e-01
3.424258075970084e+00	9.917385e-01	1.178730e+00	1.185538e-01
3.424284075970084e+00	1.079944e+00	1.178917e+00	1.185728e-01
3.424310075970084e+00	1.171254e+00	1.179103e+00	1.185917e-01
3.424336075970084e+00	1.265668e+00	1.179290e+00	1.186107e-01
3.424362075970084e+00	1.363185e+00	1.179476e+00	1.186297e-01
3.424388075970084e+00	1.463805e+00	1.179663e+00	1.186487e-01
3.424414075970084e+00	1.567530e+00	1.179850e+00	1.186677e-01
3.424430075970084e+00	1.614658e+00	1.179965e+00	1.186794e-01
3.424462075970084e+00	1.624997e+00	1.180195e+00	1.187028e-01
3.424654075970084e+00	1.635667e+00	1.181579e+00	1.188436e-01
3.425422075970084e+00	1.642398e+00	1.187161e+00	1.194112e-01
3.426017933112941e+00	1.644085e+00	1.191545e+00	1.198568e-01
3.426613790255798e+00	1.646353e+00	1.195974e+00	1.203069e-01
3.427209647398656e+00	1.649201e+00	1.200448e+00	1.207614e-01
3.427805504541513e+00	1.652629e+00	1.204966e+00	1.212204e-01
3.428401361684370e+00	1.656637e+00	1.209529e+00	1.216837e-01
3.428997218827227e+00	1.661226e+00	1.214137e+00	1.221515e-01
3.429593075970084e+00	1.666395e+00	1.218790e+00	1.226237e-01
3.429844075970084e+00	2.060610e+00	1.220763e+00	1.228239e-01
3.429898504541513e+00	2.272528e+00	1.221191e+00	1.228674e-01
3.429952933112941e+00	2.461061e+00	1.221620e+00	1.229110e-01
3.430007361684370e+00	2.626209e+00	1.222050e+00	1.229546e-01
3.430061790255798e+00	2.767972e+00	1.222480e+00	1.229982e-01
3.430116218827227e+00	2.886351e+00	1.222910e+00	1.230418e-01
3.430170647398656e+00	2.981346e+00	1.223341e+00	1.230855e-01
3.430225075970084e+00	3.052956e+00	1.223771e+00	1.231293e-01
3.430353075970084e+00	3.169616e+00	1.224786e+00	1.232323e-01
3.430609075970084e+00	3.265427e+00	1.226822e+00	1.234388e-01
3.431121075970084e+00	3.297724e+00	1.230918e+00	1.238543e-01
3.439978218827226e+00	3.298746e+00	1.309588e+00	1.318204e-01
3.448835361684368e+00	3.299535e+00	1.393983e+00	1.403460e-01
3.457692504541510e+00	3.300093e+00	1.484101e+00	1.494311e-01
3.466549647398652e+00	3.300418e+00	1.579942e+00	1.590757e-01
3.475406790255794e+00	3.300511e+00	1.681507e+00	1.692798e-01
3.484263933112935e+00	3.300371e+00	1.788796e+00	1.800434e-01
3.493121075970077e+00	3.300000e+00	1.901808e+00	1.913664e-01
3.503121075970076e+00	3.300000e+00	2.032002e+00	2.043894e-01
3.513121075970075e+00	3.300000e+00	2.157006e+00	2.168758e-01
3.523121075970074e+00	3.300000e+00	2.276818e+00	2.288257e-01
3.533121075970073e+00	3.300000e+00	2.391439e+00	2.402391e-01
3.543121075970072e+00	3.300000e+00	2.500870e+00	2.511160e-01
3.553121075970071e+00	3.300000e+00	2.605109e+00	2.614564e-01
3.563121075970070e+00	3.300000e+00	2.704157e+00	2.712604e-01
3.572549647398640e+00	3.300000e+00	2.784850e+00	2.792200e-01
3.581978218827210e+00	3.300000e+00	2.852692e+00	2.858885e-01
3.591406790255781e+00	3.300000e+00	2.907684e+00	2.912660e-01
3.600835361684351e+00	3.300000e+00	2.949826e+00	2.953526e-01
3.610263933112921e+00	3.300000e+00	2.979117e+00	2.981480e-01
3.619692504541492e+00	3.300000e+00	2.995559e+00	2.996525e-01
3.629121075970062e+00	3.300000e+00	2.999150e+00	2.998659e-01
3.638835361684347e+00	3.300000e+00	2.985062e+00	2.983076e-01
3.648549647398632e+00	3.300000e+00	2.957899e+00	2.954497e-01
3.658263933112916e+00	3.300000e+00	2.917661e+00	2.912922e-01
3.667978218827201e+00	3.300000e+00	2.864349e+00	2.858352e-01
3.677692504541485e+00	3.300000e+00	2.797961e+00	2.790785e-01
3.687406790255770e+00	3.300000e+00	2.718499e+00	2.710222e-01
3.697121075970055e+00	3.300000e+00	2.625962e+00	2.616663e-01
3.706835361684339e+00	3.300000e+00	2.522064e+00	2.511911e-01
3.716549647398624e+00	3.300000e+00	2.414554e+00	2.403718e-01
3.726263933112909e+00	3.300000e+00	2.303434e+00	2.292082e-01
3.735978218827193e+00	3.300000e+00	2.188703e+00	2.177006e-01
3.745692504541478e+00	3.300000e+00	2.070362e+00	2.058487e-01
3.755406790255763e+00	3.300000e+00	1.948409e+00	1.936527e-01
3.765121075970047e+00	3.300000e+00	1.822846e+00	1.811124e-01
3.772978218827189e+00	3.300000e+00	1.724579e+00	1.713138e-01
3.780835361684331e+00	3.300000e+00	1.631133e+00	1.620071e-01
3.788692504541473e+00	3.300000e+00	1.542506e+00	1.531922e-01
3.796549647398615e+00	3.300000e+00	1.458699e+00	1.448693e-01
3.804406790255757e+00	3.300000e+00	1.379711e+00	1.370382e-01
3.812263933112899e+00	3.299999e+00	1.305543e+00	1.296991e-01
3.820121075970041e+00	3.299998e+00	1.236194e+00	1.228518e-01
3.821121075970041e+00	3.285596e+00	1.228145e+00	1.220584e-01
3.821246075970041e+00	3.272120e+00	1.227148e+00	1.219600e-01
3.821496075970041e+00	3.197357e+00	1.225158e+00	1.217640e-01
3.821999075970041e+00	2.266623e+00	1.221178e+00	1.213719e-01
3.822018933112898e+00	2.190469e+00	1.221022e+00	1.213565e-01
3.822038790255756e+00	2.112534e+00	1.220865e+00	1.213411e-01
3.822058647398613e+00	2.032817e+00	1.220709e+00	1.213256e-01
3.822078504541470e+00	1.951318e+00	1.220552e+00	1.213102e-01
3.822098361684327e+00	1.868038e+00	1.220396e+00	1.212948e-01
3.822118218827184e+00	1.782975e+00	1.220240e+00	1.212795e-01
3.822138075970041e+00	1.696131e+00	1.220084e+00	1.212641e-01
3.822154075970041e+00	1.678258e+00	1.219958e+00	1.212517e-01
3.822378075970041e+00	1.663557e+00	1.218200e+00	1.210785e-01
3.823146075970041e+00	1.657094e+00	1.212219e+00	1.204895e-01
3.823650933112898e+00	1.654901e+00	1.208328e+00	1.201063e-01
3.824155790255756e+00	1.652672e+00	1.204468e+00	1.197264e-01
3.824660647398613e+00	1.650408e+00	1.200641e+00	1.193497e-01
3.825165504541470e+00	1.648108e+00	1.196846e+00	1.189763e-01
3.825670361684327e+00	1.645774e+00	1.193083e+00	1.186061e-01
3.826175218827184e+00	1.643404e+00	1.189353e+00	1.182391e-01
3.826680075970041e+00	1.640999e+00	1.185655e+00	1.178755e-01
3.827317075970041e+00	1.632923e+00	1.181037e+00	1.174214e-01
3.827568075970041e+00	1.236041e+00	1.179231e+00	1.172439e-01
3.827613361684327e+00	1.072319e+00	1.178906e+00	1.172120e-01
3.827658647398613e+00	9.226284e-01	1.178581e+00	1.171800e-01
3.827703933112898e+00	7.869708e-01	1.178257e+00	1.171482e-01
3.827749218827184e+00	6.653458e-01	1.177933e+00	1.171163e-01
3.827794504541470e+00	5.577535e-01	1.177609e+00	1.170845e-01
3.827839790255755e+00	4.641938e-01	1.177285e+00	1.170527e-01
3.827885075970041e+00	3.846667e-01	1.176962e+00	1.170209e-01
3.827949075970041e+00	2.926884e-01	1.176505e+00	1.169761e-01
3.828077075970041e+00	1.661252e-01	1.175594e+00	1.168865e-01
3.828333075970041e+00	5.130717e-02	1.173778e+00	1.167081e-01
3.828845075970041e+00	4.699515e-03	1.170171e+00	1.163537e-01
3.829845075970041e+00	4.589601e-05	1.163225e+00	1.156717e-01
3.830845075970041e+00	4.888349e-07	1.156412e+00	1.150030e-01
3.839987933112897e+00	2.693657e-07	1.099619e+00	1.094476e-01
3.849130790255753e+00	9.977500e-08	1.055648e+00	1.051768e-01
3.858273647398609e+00	-1.993710e-08	1.024499e+00	1.021908e-01
3.867416504541465e+00	-8.977066e-08	1.006171e+00	1.004894e-01
3.876559361684321e+00	-1.097257e-07	1.000665e+00	1.000728e-01
3.885702218827178e+00	-7.980210e-08	1.007980e+00	1.009408e-01
3.894845075970034e+00	0.000000e+00	1.028117e+00	1.030935e-01
3.898559361684319e+00	-2.035064e-09	1.040245e+00	1.043602e-01
3.902273647398605e+00	-2.796314e-09	1.054373e+00	1.058260e-01
3.905987933112890e+00	-2.283751e-09	1.070503e+00	1.074909e-01
3.909702218827175e+00	-4.973728e-10	1.088633e+00	1.093549e-01
3.913416504541460e+00	2.562819e-09	1.108763e+00	1.114178e-01
3.917130790255746e+00	6.896825e-09	1.130895e+00	1.136799e-01
3.920845075970031e+00	1.250464e-08	1.155027e+00	1.161410e-01
3.921845075970031e+00	1.789146e-05	1.161812e+00	1.168322e-01
3.922845075970031e+00	1.800673e-03	1.168730e+00	1.175365e-01
3.923845075970031e+00	1.868072e-01	1.175780e+00	1.182538e-01
3.923970075970031e+00	3.235549e-01	1.176671e+00	1.183444e-01
3.924221075970031e+00	8.725015e-01	1.178465e+00	1.185268e-01
3.924247075970031e+00	9.555765e-01	1.178651e+00	1.185458e-01
3.924273075970031e+00	1.041993e+00	1.178838e+00	1.185648e-01
3.924299075970031e+00	1.131752e+00	1.179024e+00	1.185837e-01
3.924325075970031e+00	1.224852e+00	1.179211e+00	1.186027e-01
3.924351075970031e+00	1.321294e+00	1.179397e+00	1.186217e-01
3.924377075970030e+00	1.421078e+00	1.179584e+00	1.186407e-01
3.924403075970031e+00	1.524203e+00	1.179771e+00	1.186597e-01
3.924423075970031e+00	1.602772e+00	1.179915e+00	1.186743e-01
3.924431075970030e+00	1.615265e+00	1.179972e+00	1.186801e-01
3.924479075970031e+00	1.627028e+00	1.180318e+00	1.187153e-01
3.924927075970031e+00	1.638496e+00	1.183555e+00	1.190445e-01
3.925439075970031e+00	1.642503e+00	1.187286e+00	1.194238e-01
3.926034933112888e+00	1.644116e+00	1.191671e+00	1.198696e-01
3.926630790255745e+00	1.646350e+00	1.196101e+00	1.203198e-01
3.927226647398602e+00	1.649205e+00	1.200576e+00	1.207745e-01
3.927822504541459e+00	1.652681e+00	1.205096e+00	1.212335e-01
3.928418361684316e+00	1.656777e+00	1.209660e+00	1.216970e-01
3.929014218827173e+00	1.661495e+00	1.214269e+00	1.221649e-01
3.929610075970031e+00	1.666834e+00	1.218923e+00	1.226373e-01
3.929861075970031e+00	2.128884e+00	1.220896e+00	1.228375e-01
3.929915504541459e+00	2.332897e+00	1.221325e+00	1.228810e-01
3.929969933112888e+00	2.513849e+00	1.221754e+00	1.229246e-01
3.930024361684316e+00	2.671742e+00	1.222184e+00	1.229682e-01
3.930078790255745e+00	2.806574e+00	1.222614e+00	1.230118e-01
3.930133218827173e+00	2.918346e+00	1.223044e+00	1.230555e-01
3.930187647398602e+00	3.007058e+00	1.223475e+00	1.230992e-01
3.930242075970031e+00	3.072710e+00	1.223906e+00	1.231429e-01
3.930370075970031e+00	3.180428e+00	1.224921e+00	1.232459e-01
3.930626075970030e+00	3.268384e+00	1.226958e+00	1.234526e-01
3.931138075970031e+00	3.297922e+00	1.231054e+00	1.238681e-01
3.939995218827173e+00	3.298855e+00	1.309743e+00	1.318360e-01
3.948852361684314e+00	3.299576e+00	1.394153e+00	1.403631e-01
3.957709504541456e+00	3.300085e+00	1.484284e+00	1.494495e-01
3.966566647398598e+00	3.300382e+00	1.580136e+00	1.590952e-01
3.975423790255740e+00	3.300466e+00	1.681710e+00	1.693001e-01
3.984280933112882e+00	3.300339e+00	1.789004e+00	1.800643e-01
3.993138075970024e+00	3.300000e+00	1.902021e+00	1.913877e-01
4.003138075970027e+00	3.300000e+00	2.032216e+00	2.044107e-01
4.013138075970030e+00	3.300000e+00	2.157217e+00	2.168968e-01
4.023138075970032e+00	3.300000e+00	2.277023e+00	2.288461e-01
4.033138075970036e+00	3.300000e+00	2.391636e+00	2.402586e-01
4.043138075970038e+00	3.300000e+00	2.501054e+00	2.511344e-01
4.053138075970041e+00	3.300000e+00	2.605279e+00	2.614733e-01
4.063138075970044e+00	3.300000e+00	2.704309e+00	2.712754e-01
4.072566647398618e+00	3.300000e+00	2.784982e+00	2.792330e-01
4.081995218827193e+00	3.300000e+00	2.852803e+00	2.858994e-01
4.091423790255767e+00	3.300000e+00	2.907773e+00	2.912748e-01
4.100852361684343e+00	3.300000e+00	2.949892e+00	2.953590e-01
4.110280933112917e+00	3.300000e+00	2.979160e+00	2.981520e-01
4.119709504541492e+00	3.300000e+00	2.995576e+00	2.996540e-01
4.129138075970066e+00	3.300000e+00	2.999141e+00	2.998648e-01
4.138852361684355e+00	3.300000e+00	2.985026e+00	2.983039e-01
4.148566647398644e+00	3.300000e+00	2.957838e+00	2.954434e-01
4.158280933112933e+00	3.300000e+00	2.917576e+00	2.912836e-01
4.167995218827222e+00	3.300000e+00	2.864241e+00	2.858242e-01
4.177709504541511e+00	3.300000e+00	2.797833e+00	2.790654e-01
4.187423790255799e+00	3.300000e+00	2.718351e+00	2.710071e-01
4.197138075970089e+00	3.300000e+00	2.625795e+00	2.616494e-01
4.201709504541519e+00	3.300000e+00	2.579570e+00	2.569854e-01
4.206280933112949e+00	3.300000e+00	2.531841e+00	2.521745e-01
4.210852361684379e+00	3.300000e+00	2.482608e+00	2.472167e-01
4.215423790255809e+00	3.300000e+00	2.431871e+00	2.421120e-01
4.219995218827239e+00	3.300000e+00	2.379630e+00	2.368604e-01
4.224566647398669e+00	3.300000e+00	2.325886e+00	2.314620e-01
4.229138075970099e+00	3.300000e+00	2.270638e+00	2.259166e-01
4.238280933112960e+00	3.300000e+00	2.154759e+00	2.142998e-01
4.247423790255819e+00	3.300000e+00	2.040540e+00	2.028644e-01
4.256566647398680e+00	3.300000e+00	1.927981e+00	1.916103e-01
4.265709504541540e+00	3.300000e+00	1.817082e+00	1.805376e-01
4.274852361684401e+00	3.300000e+00	1.707842e+00	1.696462e-01
4.283995218827260e+00	3.300000e+00	1.600262e+00	1.589361e-01
4.293138075970121e+00	3.300000e+00	1.494342e+00	1.484073e-01
4.296995218827265e+00	3.300000e+00	1.452918e+00	1.442955e-01
4.300852361684409e+00	3.300000e+00	1.413002e+00	1.403367e-01
4.304709504541553e+00	3.300000e+00	1.374595e+00	1.365310e-01
4.308566647398697e+00	3.300000e+00	1.337697e+00	1.328782e-01
4.312423790255841e+00	3.300000e+00	1.302307e+00	1.293785e-01
4.316280933112986e+00	3.299999e+00	1.268427e+00	1.260318e-01
4.320138075970130e+00	3.299998e+00	1.236056e+00	1.228382e-01
4.321138075970130e+00	3.284238e+00	1.228009e+00	1.220450e-01
4.321263075970130e+00	3.269508e+00	1.227012e+00	1.219467e-01
4.321513075970130e+00	3.188018e+00	1.225023e+00	1.217507e-01
4.322014075970130e+00	2.209874e+00	1.221060e+00	1.213602e-01
4.322032218827273e+00	2.138510e+00	1.220917e+00	1.213461e-01
4.322050361684416e+00	2.066177e+00	1.220774e+00	1.213321e-01
4.322068504541559e+00	1.992877e+00	1.220631e+00	1.213180e-01
4.322086647398701e+00	1.918609e+00	1.220488e+00	1.213039e-01
4.322104790255844e+00	1.843373e+00	1.220346e+00	1.212899e-01
4.322122933112987e+00	1.767169e+00	1.220203e+00	1.212758e-01
4.322141075970130e+00	1.689996e+00	1.220060e+00	1.212617e-01
4.322155075970130e+00	1.678807e+00	1.219950e+00	1.212509e-01
4.322267075970130e+00	1.667626e+00	1.219070e+00	1.211642e-01
4.323163075970130e+00	1.656990e+00	1.212088e+00	1.204765e-01
4.323667933112987e+00	1.654821e+00	1.208197e+00	1.200935e-01
4.324172790255845e+00	1.652607e+00	1.204339e+00	1.197136e-01
4.324677647398702e+00	1.650349e+00	1.200513e+00	1.193371e-01
4.325182504541559e+00	1.648047e+00	1.196719e+00	1.189637e-01
4.325687361684416e+00	1.645699e+00	1.192957e+00	1.185937e-01
4.326192218827273e+00	1.643308e+00	1.189228e+00	1.182268e-01
4.326697075970131e+00	1.640871e+00	1.185531e+00	1.178633e-01
4.327334075970130e+00	1.632467e+00	1.180914e+00	1.174093e-01
4.327585075970131e+00	1.173835e+00	1.179109e+00	1.172319e-01
4.327630361684417e+00	1.015139e+00	1.178784e+00	1.172000e-01
4.327675647398702e+00	8.704939e-01	1.178460e+00	1.171681e-01
4.327720933112988e+00	7.398993e-01	1.178135e+00	1.171362e-01
4.327766218827273e+00	6.233554e-01	1.177811e+00	1.171044e-01
4.327811504541559e+00	5.208620e-01	1.177487e+00	1.170726e-01
4.327856790255844e+00	4.324191e-01	1.177164e+00	1.170408e-01
4.327902075970131e+00	3.580269e-01	1.176841e+00	1.170090e-01
4.327966075970131e+00	2.718481e-01	1.176384e+00	1.169642e-01
4.328094075970131e+00	1.538633e-01	1.175473e+00	1.168746e-01
4.328350075970131e+00	4.740963e-02	1.173657e+00	1.166962e-01
4.328862075970131e+00	4.341078e-03	1.170052e+00	1.163420e-01
4.329862075970131e+00	4.245418e-05	1.163108e+00	1.156602e-01
4.330862075970131e+00	4.528561e-07	1.156298e+00	1.149917e-01
4.340004933112992e+00	2.495401e-07	1.099527e+00	1.094385e-01
4.349147790255851e+00	9.243142e-08	1.055578e+00	1.051701e-01
4.358290647398712e+00	-1.846977e-08	1.024452e+00	1.021864e-01
4.367433504541572e+00	-8.316350e-08	1.006148e+00	1.004874e-01
4.376576361684433e+00	-1.016498e-07	1.000665e+00	1.000731e-01
4.385719218827292e+00	-7.392862e-08	1.008005e+00	1.009436e-01
4.394862075970153e+00	0.000000e+00	1.028167e+00	1.030987e-01
4.398576361684440e+00	-2.193403e-09	1.040305e+00	1.043665e-01
4.402290647398726e+00	-3.013883e-09	1.054443e+00	1.058332e-01
4.406004933113014e+00	-2.461439e-09	1.070581e+00	1.074990e-01
4.409719218827300e+00	-5.360735e-10	1.088721e+00	1.093639e-01
4.413433504541588e+00	2.762215e-09	1.108860e+00	1.114278e-01
4.417147790255874e+00	7.433427e-09	1.131000e+00	1.136907e-01
4.420862075970161e+00	1.347756e-08	1.155141e+00	1.161526e-01
4.421862075970162e+00	1.933649e-05	1.161929e+00	1.168440e-01
4.422862075970162e+00	1.948930e-03	1.168849e+00	1.175485e-01
4.423862075970162e+00	2.015384e-01	1.175901e+00	1.182661e-01
4.423987075970162e+00	3.479221e-01	1.176793e+00	1.183567e-01
4.424238075970162e+00	9.256039e-01	1.178587e+00	1.185392e-01
4.424264075970163e+00	1.011790e+00	1.178773e+00	1.185582e-01
4.424290075970163e+00	1.100942e+00	1.178960e+00	1.185772e-01
4.424316075970163e+00	1.193063e+00	1.179146e+00	1.185961e-01
4.424342075970162e+00	1.288150e+00	1.179333e+00	1.186151e-01
4.424368075970162e+00	1.386205e+00	1.179520e+00	1.186341e-01
4.424394075970162e+00	1.487227e+00	1.179706e+00	1.186531e-01
4.424420075970162e+00	1.591216e+00	1.179893e+00	1.186721e-01
4.424436075970162e+00	1.618522e+00	1.180008e+00	1.186838e-01
4.424532075970162e+00	1.630507e+00	1.180699e+00	1.187541e-01
4.425428075970162e+00	1.642435e+00	1.187205e+00	1.194157e-01
4.426023933113019e+00	1.644097e+00	1.191590e+00	1.198614e-01
4.426619790255876e+00	1.646353e+00	1.196019e+00	1.203115e-01
4.427215647398733e+00	1.649203e+00	1.200493e+00	1.207660e-01
4.427811504541591e+00	1.652648e+00	1.205012e+00	1.212250e-01
4.428407361684448e+00	1.656686e+00	1.209575e+00	1.216884e-01
4.429003218827305e+00	1.661319e+00	1.214184e+00	1.221562e-01
4.429599075970162e+00	1.666546e+00	1.218837e+00	1.226285e-01
4.429850075970163e+00	2.084891e+00	1.220810e+00	1.228287e-01
4.429904504541591e+00	2.294062e+00	1.221239e+00	1.228722e-01
4.429958933113020e+00	2.479948e+00	1.221668e+00	1.229158e-01
4.430013361684448e+00	2.642549e+00	1.222097e+00	1.229594e-01
4.430067790255877e+00	2.781865e+00	1.222527e+00	1.230030e-01
4.430122218827306e+00	2.897895e+00	1.222957e+00	1.230467e-01
4.430176647398734e+00	2.990641e+00	1.223388e+00	1.230904e-01
4.430231075970163e+00	3.060101e+00	1.223819e+00	1.231341e-01
4.430359075970163e+00	3.173535e+00	1.224834e+00	1.232371e-01
4.430615075970163e+00	3.266501e+00	1.226870e+00	1.234437e-01
4.431127075970163e+00	3.297796e+00	1.230966e+00	1.238592e-01
4.439984218827308e+00	3.298785e+00	1.309643e+00	1.318259e-01
4.448841361684455e+00	3.299550e+00	1.394043e+00	1.403520e-01
4.457698504541600e+00	3.300090e+00	1.484165e+00	1.494376e-01
4.466555647398746e+00	3.300405e+00	1.580011e+00	1.590825e-01
4.475412790255891e+00	3.300495e+00	1.681579e+00	1.692869e-01
4.484269933113038e+00	3.300360e+00	1.788869e+00	1.800507e-01
4.493127075970183e+00	3.300000e+00	1.901883e+00	1.913740e-01
4.503127075970187e+00	3.300000e+00	2.032078e+00	2.043969e-01
4.513127075970190e+00	3.300000e+00	2.157080e+00	2.168832e-01
4.523127075970193e+00	3.300000e+00	2.276890e+00	2.288329e-01
4.533127075970197e+00	3.300000e+00	2.391509e+00	2.402460e-01
4.543127075970200e+00	3.300000e+00	2.500935e+00	2.511225e-01
4.553127075970203e+00	3.300000e+00	2.605169e+00	2.614624e-01
4.563127075970207e+00	3.300000e+00	2.704211e+00	2.712657e-01
4.572555647398781e+00	3.300000e+00	2.784896e+00	2.792246e-01
4.581984218827356e+00	3.300000e+00	2.852731e+00	2.858924e-01
4.591412790255930e+00	3.300000e+00	2.907715e+00	2.912691e-01
4.600841361684505e+00	3.300000e+00	2.949849e+00	2.953548e-01
4.610269933113080e+00	3.300000e+00	2.979132e+00	2.981495e-01
4.619698504541654e+00	3.300000e+00	2.995565e+00	2.996530e-01
4.629127075970229e+00	3.300000e+00	2.999147e+00	2.998655e-01
4.638841361684518e+00	3.300000e+00	2.985049e+00	2.983063e-01
4.648555647398807e+00	3.300000e+00	2.957877e+00	2.954475e-01
4.658269933113096e+00	3.300000e+00	2.917631e+00	2.912892e-01
4.667984218827384e+00	3.300000e+00	2.864311e+00	2.858313e-01
4.677698504541674e+00	3.300000e+00	2.797916e+00	2.790739e-01
4.687412790255962e+00	3.300000e+00	2.718447e+00	2.710169e-01
4.697127075970251e+00	3.300000e+00	2.625903e+00	2.616603e-01
4.706841361684541e+00	3.300000e+00	2.522000e+00	2.511846e-01
4.716555647398829e+00	3.300000e+00	2.414486e+00	2.403649e-01
4.726269933113119e+00	3.300000e+00	2.303363e+00	2.292010e-01
4.735984218827407e+00	3.300000e+00	2.188630e+00	2.176931e-01
4.745698504541696e+00	3.300000e+00	2.070287e+00	2.058412e-01
4.755412790255985e+00	3.300000e+00	1.948334e+00	1.936451e-01
4.765127075970274e+00	3.300000e+00	1.822771e+00	1.811050e-01
4.772984218827419e+00	3.300000e+00	1.724507e+00	1.713066e-01
4.780841361684566e+00	3.300000e+00	1.631063e+00	1.620001e-01
4.788698504541711e+00	3.300000e+00	1.542439e+00	1.531856e-01
4.796555647398856e+00	3.300000e+00	1.458635e+00	1.448630e-01
4.804412790256001e+00	3.300000e+00	1.379652e+00	1.370324e-01
4.812269933113147e+00	3.299999e+00	1.305488e+00	1.296937e-01
4.820127075970293e+00	3.299998e+00	1.236145e+00	1.228470e-01
4.821127075970293e+00	3.285130e+00	1.228097e+00	1.220536e-01
4.821252075970293e+00	3.271225e+00	1.227100e+00	1.219553e-01
4.821502075970293e+00	3.194150e+00	1.225111e+00	1.217593e-01
4.822005075970293e+00	2.244117e+00	1.221131e+00	1.213672e-01
4.822023790256007e+00	2.171953e+00	1.220983e+00	1.213527e-01
4.822042504541722e+00	2.098161e+00	1.220836e+00	1.213382e-01
4.822061218827436e+00	2.022742e+00	1.220689e+00	1.213237e-01
4.822079933113150e+00	1.945695e+00	1.220541e+00	1.213091e-01
4.822098647398864e+00	1.867021e+00	1.220394e+00	1.212946e-01
4.822117361684579e+00	1.786719e+00	1.220247e+00	1.212801e-01
4.822136075970293e+00	1.704789e+00	1.220100e+00	1.212656e-01
4.822144075970293e+00	1.685050e+00	1.220037e+00	1.212594e-01
4.822192075970293e+00	1.672629e+00	1.219659e+00	1.212223e-01
4.822640075970293e+00	1.661071e+00	1.216151e+00	1.208767e-01
4.823291218827436e+00	1.658088e+00	1.211097e+00	1.203789e-01
4.823942361684579e+00	1.654877e+00	1.206096e+00	1.198866e-01
4.824593504541721e+00	1.651438e+00	1.201148e+00	1.193996e-01
4.825244647398865e+00	1.647770e+00	1.196254e+00	1.189180e-01
4.825895790256007e+00	1.643873e+00	1.191414e+00	1.184419e-01
4.826546933113151e+00	1.639748e+00	1.186628e+00	1.179711e-01
4.827198075970293e+00	1.635394e+00	1.181895e+00	1.175058e-01
4.827323075970293e+00	1.632766e+00	1.180993e+00	1.174171e-01
4.827574075970293e+00	1.213929e+00	1.179188e+00	1.172397e-01
4.827619361684580e+00	1.051945e+00	1.178863e+00	1.172077e-01
4.827664647398865e+00	9.040109e-01	1.178538e+00	1.171758e-01
4.827709933113151e+00	7.701254e-01	1.178214e+00	1.171439e-01
4.827755218827436e+00	6.502887e-01	1.177890e+00	1.171121e-01
4.827800504541722e+00	5.445010e-01	1.177566e+00	1.170803e-01
4.827845790256007e+00	4.527622e-01	1.177242e+00	1.170485e-01
4.827891075970293e+00	3.750724e-01	1.176919e+00	1.170167e-01
4.827955075970293e+00	2.851726e-01	1.176463e+00	1.169719e-01
4.828083075970294e+00	1.616948e-01	1.175551e+00	1.168823e-01
4.828339075970294e+00	4.989668e-02	1.173735e+00	1.167039e-01
4.828851075970293e+00	4.569740e-03	1.170129e+00	1.163496e-01
4.829851075970294e+00	4.465037e-05	1.163184e+00	1.156676e-01
4.830851075970294e+00	4.758199e-07	1.156372e+00	1.149990e-01
4.839993933113155e+00	2.621939e-07	1.099587e+00	1.094444e-01
4.849136790256014e+00	9.711853e-08	1.055624e+00	1.051745e-01
4.858279647398875e+00	-1.940631e-08	1.024482e+00	1.021892e-01
4.867422504541735e+00	-8.738058e-08	1.006163e+00	1.004887e-01
4.876565361684595e+00	-1.068043e-07	1.000665e+00	1.000729e-01
4.885708218827455e+00	-7.767742e-08	1.007989e+00	1.009418e-01
4.894851075970315e+00	0.000000e+00	1.028135e+00	1.030953e-01
4.898565361684603e+00	-2.089593e-09	1.040266e+00	1.043624e-01
4.902279647398889e+00	-2.871240e-09	1.054398e+00	1.058286e-01
4.905993933113177e+00	-2.344943e-09	1.070530e+00	1.074938e-01
4.909708218827463e+00	-5.107005e-10	1.088664e+00	1.093580e-01
4.913422504541750e+00	2.631487e-09	1.108797e+00	1.114213e-01
4.917136790256037e+00	7.081619e-09	1.130932e+00	1.136837e-01
4.920851075970324e+00	1.283970e-08	1.155067e+00	1.161451e-01
4.921851075970324e+00	1.838865e-05	1.161853e+00	1.168363e-01
4.922851075970325e+00	1.851660e-03	1.168772e+00	1.175407e-01
4.923851075970325e+00	1.918866e-01	1.175823e+00	1.182581e-01
4.923976075970325e+00	3.319755e-01	1.176714e+00	1.183487e-01
4.924227075970325e+00	8.910171e-01	1.178508e+00	1.185312e-01
4.924253075970325e+00	9.752043e-01	1.178694e+00	1.185502e-01
4.924279075970325e+00	1.062605e+00	1.178881e+00	1.185691e-01
4.924305075970326e+00	1.153220e+00	1.179067e+00	1.185881e-01
4.924331075970325e+00	1.247049e+00	1.179254e+00	1.186071e-01
4.924357075970325e+00	1.344091e+00	1.179440e+00	1.186261e-01
4.924383075970325e+00	1.444347e+00	1.179627e+00	1.186451e-01
4.924409075970325e+00	1.547817e+00	1.179814e+00	1.186641e-01
4.924425075970325e+00	1.607732e+00	1.179929e+00	1.186758e-01
4.924453075970324e+00	1.624835e+00	1.180130e+00	1.186962e-01
4.924677075970324e+00	1.635308e+00	1.181745e+00	1.188604e-01
4.925445075970324e+00	1.642540e+00	1.187330e+00	1.194283e-01
4.926040933113181e+00	1.644125e+00	1.191715e+00	1.198741e-01
4.926636790256039e+00	1.646347e+00	1.196146e+00	1.203244e-01
4.927232647398895e+00	1.649205e+00	1.200621e+00	1.207791e-01
4.927828504541753e+00	1.652699e+00	1.205141e+00	1.212382e-01
4.928424361684610e+00	1.656829e+00	1.209706e+00	1.217017e-01
4.929020218827468e+00	1.661595e+00	1.214316e+00	1.221697e-01
4.929616075970324e+00	1.666997e+00	1.218971e+00	1.226420e-01
4.929869075970325e+00	2.160436e+00	1.220959e+00	1.228439e-01
4.929923218827468e+00	2.359705e+00	1.221386e+00	1.228872e-01
4.929977361684611e+00	2.536308e+00	1.221813e+00	1.229305e-01
4.930031504541754e+00	2.690244e+00	1.222240e+00	1.229739e-01
4.930085647398896e+00	2.821515e+00	1.222668e+00	1.230173e-01
4.930139790256039e+00	2.930118e+00	1.223096e+00	1.230608e-01
4.930193933113182e+00	3.016055e+00	1.223525e+00	1.231042e-01
4.930248075970325e+00	3.079326e+00	1.223954e+00	1.231478e-01
4.930376075970325e+00	3.184034e+00	1.224969e+00	1.232508e-01
4.930632075970325e+00	3.269367e+00	1.227005e+00	1.234574e-01
4.931144075970325e+00	3.297987e+00	1.231102e+00	1.238730e-01
4.940001218827470e+00	3.298891e+00	1.309797e+00	1.318415e-01
4.948858361684617e+00	3.299589e+00	1.394213e+00	1.403692e-01
4.957715504541762e+00	3.300082e+00	1.484348e+00	1.494560e-01
4.966572647398908e+00	3.300369e+00	1.580204e+00	1.591020e-01
4.975429790256054e+00	3.300452e+00	1.681781e+00	1.693073e-01
4.984286933113200e+00	3.300328e+00	1.789078e+00	1.800717e-01
4.993144075970346e+00	3.300000e+00	1.902096e+00	1.913953e-01
4.999286933113205e+00	3.300000e+00	1.980263e+00	1.992171e-01
5.005429790256064e+00	3.300000e+00	2.057417e+00	2.069307e-01
5.011572647398923e+00	3.300000e+00	2.133557e+00	2.145360e-01
5.017715504541783e+00	3.300000e+00	2.208684e+00	2.220330e-01
5.023858361684642e+00	3.300000e+00	2.282797e+00	2.294217e-01
5.030001218827501e+00	3.300000e+00	2.355897e+00	2.367022e-01
5.036144075970360e+00	3.300000e+00	2.427984e+00	2.438743e-01
5.046429790256077e+00	3.300000e+00	2.544467e+00	2.554431e-01
5.056715504541796e+00	3.300000e+00	2.648173e+00	2.657218e-01
5.067001218827513e+00	3.300000e+00	2.739099e+00	2.747105e-01
5.077286933113231e+00	3.300000e+00	2.817248e+00	2.824092e-01
5.087572647398948e+00	3.300000e+00	2.882618e+00	2.888178e-01
5.097858361684667e+00	3.300000e+00	2.935209e+00	2.939365e-01
5.108144075970384e+00	3.300000e+00	2.975023e+00	2.977650e-01
5.117286933113244e+00	3.300000e+00	2.993555e+00	2.994789e-01
5.126429790256104e+00	3.300000e+00	2.999296e+00	2.999164e-01
5.135572647398964e+00	3.300000e+00	2.992245e+00	2.990775e-01
5.144715504541825e+00	3.300000e+00	2.972404e+00	2.969623e-01
5.153858361684685e+00	3.300000e+00	2.939772e+00	2.935708e-01
5.163001218827545e+00	3.300000e+00	2.894348e+00	2.889029e-01
5.172144075970405e+00	3.300000e+00	2.836133e+00	2.829586e-01
5.182572647398980e+00	3.300000e+00	2.752691e+00	2.744863e-01
5.193001218827555e+00	3.300000e+00	2.660717e+00	2.651781e-01
5.203429790256130e+00	3.300000e+00	2.560211e+00	2.550340e-01
5.213858361684705e+00	3.300000e+00	2.451173e+00	2.440540e-01
5.224286933113280e+00	3.300000e+00	2.333602e+00	2.322380e-01
5.234715504541855e+00	3.300000e+00	2.207500e+00	2.195861e-01
5.245144075970430e+00	3.300000e+00	2.072865e+00	2.060983e-01
5.254001218827575e+00	3.300000e+00	1.958352e+00	1.946460e-01
5.262858361684722e+00	3.300000e+00	1.847640e+00	1.835876e-01
5.271715504541867e+00	3.300000e+00	1.740730e+00	1.729231e-01
5.280572647399013e+00	3.300000e+00	1.637621e+00	1.626526e-01
5.289429790256158e+00	3.300000e+00	1.538313e+00	1.527761e-01
5.298286933113305e+00	3.300000e+00	1.442807e+00	1.432936e-01
5.307144075970450e+00	3.300000e+00	1.351103e+00	1.342050e-01
5.320144075970455e+00	3.299998e+00	1.236007e+00	1.228334e-01
5.321144075970455e+00	3.283729e+00	1.227961e+00	1.220403e-01
5.321269075970455e+00	3.268530e+00	1.226965e+00	1.219420e-01
5.321519075970455e+00	3.184530e+00	1.224976e+00	1.217460e-01
5.322020075970455e+00	2.186745e+00	1.221013e+00	1.213556e-01
5.322038218827598e+00	2.113466e+00	1.220870e+00	1.213415e-01
5.322056361684741e+00	2.040654e+00	1.220727e+00	1.213274e-01
5.322074504541884e+00	1.968310e+00	1.220584e+00	1.213133e-01
5.322092647399026e+00	1.896433e+00	1.220441e+00	1.212993e-01
5.322110790256169e+00	1.825025e+00	1.220298e+00	1.212852e-01
5.322128933113312e+00	1.754084e+00	1.220156e+00	1.212712e-01
5.322147075970455e+00	1.683611e+00	1.220013e+00	1.212571e-01
5.322183361684741e+00	1.676248e+00	1.219728e+00	1.212290e-01
5.322219647399026e+00	1.670400e+00	1.219443e+00	1.212009e-01
5.322255933113312e+00	1.666066e+00	1.219158e+00	1.211729e-01
5.322292218827598e+00	1.663246e+00	1.218873e+00	1.211448e-01
5.322328504541884e+00	1.661940e+00	1.218589e+00	1.211168e-01
5.322364790256169e+00	1.662148e+00	1.218304e+00	1.210888e-01
5.322401075970455e+00	1.663871e+00	1.218020e+00	1.210608e-01
5.323169075970455e+00	1.656953e+00	1.212041e+00	1.204720e-01
5.323673933113312e+00	1.654793e+00	1.208151e+00	1.200889e-01
5.324178790256170e+00	1.652585e+00	1.204293e+00	1.197091e-01
5.324683647399027e+00	1.650329e+00	1.200468e+00	1.193326e-01
5.325188504541884e+00	1.648025e+00	1.196674e+00	1.189593e-01
5.325693361684741e+00	1.645673e+00	1.192913e+00	1.185893e-01
5.326198218827598e+00	1.643273e+00	1.189184e+00	1.182225e-01
5.326703075970456e+00	1.640826e+00	1.185487e+00	1.178590e-01
5.327340075970455e+00	1.632298e+00	1.180871e+00	1.174051e-01
5.327591075970456e+00	1.152220e+00	1.179066e+00	1.172277e-01
5.327636361684742e+00	9.953678e-01	1.178741e+00	1.171957e-01
5.327681647399027e+00	8.525517e-01	1.178417e+00	1.171639e-01
5.327726933113313e+00	7.237722e-01	1.178092e+00	1.171320e-01
5.327772218827598e+00	6.090293e-01	1.177768e+00	1.171002e-01
5.327817504541884e+00	5.083230e-01	1.177445e+00	1.170683e-01
5.327862790256169e+00	4.216533e-01	1.177121e+00	1.170366e-01
5.327908075970456e+00	3.490203e-01	1.176798e+00	1.170048e-01
5.327972075970456e+00	2.648224e-01	1.176342e+00	1.169600e-01
5.328100075970456e+00	1.497456e-01	1.175431e+00	1.168704e-01
5.328356075970456e+00	4.610516e-02	1.173615e+00	1.166921e-01
5.328868075970456e+00	4.221226e-03	1.170010e+00	1.163379e-01
5.329868075970456e+00	4.130231e-05	1.163067e+00	1.156562e-01
5.330868075970456e+00	4.408031e-07	1.156257e+00	1.149877e-01
5.340010933113317e+00	2.428984e-07	1.099494e+00	1.094354e-01
5.349153790256176e+00	8.997128e-08	1.055554e+00	1.051677e-01
5.358296647399037e+00	-1.797820e-08	1.024436e+00	1.021848e-01
5.367439504541897e+00	-8.095006e-08	1.006140e+00	1.004866e-01
5.376582361684758e+00	-9.894432e-08	1.000666e+00	1.000732e-01
5.385725218827617e+00	-7.196096e-08	1.008014e+00	1.009445e-01
5.394868075970478e+00	0.000000e+00	1.028185e+00	1.031006e-01
5.398582361684765e+00	-2.252194e-09	1.040326e+00	1.043687e-01
5.402296647399051e+00	-3.094666e-09	1.054467e+00	1.058358e-01
5.406010933113339e+00	-2.527416e-09	1.070609e+00	1.075019e-01
5.409725218827625e+00	-5.504432e-10	1.088752e+00	1.093671e-01
5.413439504541913e+00	2.836252e-09	1.108894e+00	1.114313e-01
5.417153790256199e+00	7.632669e-09	1.131037e+00	1.136945e-01
5.420868075970486e+00	1.383881e-08	1.155181e+00	1.161567e-01
5.421868075970487e+00	1.987401e-05	1.161970e+00	1.168482e-01
5.422868075970487e+00	2.004130e-03	1.168891e+00	1.175528e-01
5.423868075970487e+00	2.069934e-01	1.175944e+00	1.182704e-01
5.423993075970487e+00	3.569037e-01	1.176835e+00	1.183610e-01
5.424244075970488e+00	9.448137e-01	1.178630e+00	1.185436e-01
5.424268933113344e+00	1.028124e+00	1.178808e+00	1.185617e-01
5.424293790256201e+00	1.114029e+00	1.178986e+00	1.185799e-01
5.424318647399058e+00	1.202529e+00	1.179165e+00	1.185980e-01
5.424343504541916e+00	1.293624e+00	1.179343e+00	1.186161e-01
5.424368361684773e+00	1.387313e+00	1.179522e+00	1.186343e-01
5.424393218827630e+00	1.483597e+00	1.179700e+00	1.186525e-01
5.424418075970487e+00	1.582475e+00	1.179879e+00	1.186706e-01
5.424426075970487e+00	1.609153e+00	1.179936e+00	1.186765e-01
5.424442075970487e+00	1.621053e+00	1.180051e+00	1.186882e-01
5.424538075970487e+00	1.631998e+00	1.180742e+00	1.187585e-01
5.425434075970487e+00	1.642472e+00	1.187249e+00	1.194201e-01
5.426029933113344e+00	1.644108e+00	1.191634e+00	1.198659e-01
5.426625790256201e+00	1.646352e+00	1.196064e+00	1.203160e-01
5.427221647399058e+00	1.649204e+00	1.200538e+00	1.207706e-01
5.427817504541916e+00	1.652666e+00	1.205057e+00	1.212296e-01
5.428413361684773e+00	1.656736e+00	1.209622e+00	1.216931e-01
5.429009218827630e+00	1.661414e+00	1.214230e+00	1.221610e-01
5.429605075970487e+00	1.666702e+00	1.218884e+00	1.226333e-01
5.429856075970488e+00	2.108974e+00	1.220857e+00	1.228335e-01
5.429910504541916e+00	2.315350e+00	1.221286e+00	1.228770e-01
5.429964933113345e+00	2.498557e+00	1.221715e+00	1.229206e-01
5.430019361684773e+00	2.658595e+00	1.222145e+00	1.229642e-01
5.430073790256202e+00	2.795464e+00	1.222575e+00	1.230078e-01
5.430128218827631e+00	2.909164e+00	1.223005e+00	1.230515e-01
5.430182647399059e+00	2.999694e+00	1.223435e+00	1.230952e-01
5.430237075970488e+00	3.067056e+00	1.223866e+00	1.231389e-01
5.430365075970488e+00	3.177340e+00	1.224882e+00	1.232419e-01
5.430621075970488e+00	3.267542e+00	1.226918e+00	1.234485e-01
5.431133075970488e+00	3.297865e+00	1.231014e+00	1.238641e-01
5.439990218827633e+00	3.298824e+00	1.309697e+00	1.318314e-01
5.448847361684780e+00	3.299564e+00	1.394103e+00	1.403581e-01
5.457704504541925e+00	3.300087e+00	1.484230e+00	1.494441e-01
5.466561647399071e+00	3.300392e+00	1.580079e+00	1.590894e-01
5.475418790256216e+00	3.300479e+00	1.681650e+00	1.692941e-01
5.484275933113363e+00	3.300348e+00	1.788943e+00	1.800581e-01
5.493133075970508e+00	3.300000e+00	1.901958e+00	1.913815e-01
5.503133075970512e+00	3.300000e+00	2.032153e+00	2.044044e-01
5.513133075970515e+00	3.300000e+00	2.157154e+00	2.168906e-01
5.523133075970518e+00	3.300000e+00	2.276963e+00	2.288401e-01
5.533133075970522e+00	3.300000e+00	2.391578e+00	2.402529e-01
5.543133075970525e+00	3.300000e+00	2.501000e+00	2.511290e-01
5.553133075970528e+00	3.300000e+00	2.605229e+00	2.614683e-01
5.563133075970532e+00	3.300000e+00	2.704264e+00	2.712710e-01
5.572561647399106e+00	3.300000e+00	2.784943e+00	2.792291e-01
5.581990218827681e+00	3.300000e+00	2.852770e+00	2.858962e-01
5.591418790256255e+00	3.300000e+00	2.907747e+00	2.912722e-01
5.600847361684830e+00	3.300000e+00	2.949873e+00	2.953571e-01
5.610275933113405e+00	3.300000e+00	2.979148e+00	2.981509e-01
5.619704504541979e+00	3.300000e+00	2.995571e+00	2.996536e-01
5.629133075970554e+00	3.300000e+00	2.999144e+00	2.998652e-01
5.638847361684843e+00	3.300000e+00	2.985037e+00	2.983050e-01
5.648561647399132e+00	3.300000e+00	2.957856e+00	2.954453e-01
5.658275933113421e+00	3.300000e+00	2.917601e+00	2.912861e-01
5.667990218827709e+00	3.300000e+00	2.864273e+00	2.858274e-01
5.677704504541999e+00	3.300000e+00	2.797870e+00	2.790692e-01
5.687418790256287e+00	3.300000e+00	2.718394e+00	2.710116e-01
5.697133075970576e+00	3.300000e+00	2.625844e+00	2.616544e-01
5.706847361684866e+00	3.300000e+00	2.521935e+00	2.511782e-01
5.716561647399154e+00	3.300000e+00	2.414418e+00	2.403580e-01
5.726275933113444e+00	3.300000e+00	2.303291e+00	2.291938e-01
5.735990218827732e+00	3.300000e+00	2.188556e+00	2.176857e-01
5.745704504542021e+00	3.300000e+00	2.070212e+00	2.058336e-01
5.755418790256310e+00	3.300000e+00	1.948259e+00	1.936376e-01
5.765133075970599e+00	3.300000e+00	1.822697e+00	1.810976e-01
5.772990218827744e+00	3.300000e+00	1.724435e+00	1.712994e-01
5.780847361684891e+00	3.300000e+00	1.630993e+00	1.619931e-01
5.788704504542036e+00	3.300000e+00	1.542372e+00	1.531789e-01
5.796561647399181e+00	3.300000e+00	1.458572e+00	1.448567e-01
5.804418790256326e+00	3.300000e+00	1.379593e+00	1.370265e-01
5.812275933113472e+00	3.299999e+00	1.305434e+00	1.296883e-01
5.820133075970618e+00	3.299998e+00	1.236097e+00	1.228422e-01
5.821133075970618e+00	3.284650e+00	1.228049e+00	1.220489e-01
5.821258075970618e+00	3.270301e+00	1.227052e+00	1.219506e-01
5.821508075970618e+00	3.190846e+00	1.225063e+00	1.217546e-01
5.822009075970618e+00	2.228961e+00	1.221099e+00	1.213641e-01
5.822027504542047e+00	2.157411e+00	1.220954e+00	1.213498e-01
5.822045933113475e+00	2.084381e+00	1.220809e+00	1.213355e-01
5.822064361684903e+00	2.009872e+00	1.220664e+00	1.213212e-01
5.822082790256332e+00	1.933883e+00	1.220519e+00	1.213069e-01
5.822101218827761e+00	1.856414e+00	1.220374e+00	1.212926e-01
5.822119647399189e+00	1.777465e+00	1.220229e+00	1.212783e-01
5.822138075970618e+00	1.697037e+00	1.220084e+00	1.212641e-01
5.822150075970618e+00	1.680805e+00	1.219989e+00	1.212548e-01
5.822262075970618e+00	1.667450e+00	1.219110e+00	1.211681e-01
5.823158075970618e+00	1.657020e+00	1.212127e+00	1.204804e-01
5.823662933113475e+00	1.654844e+00	1.208236e+00	1.200972e-01
5.824167790256332e+00	1.652626e+00	1.204377e+00	1.197174e-01
5.824672647399190e+00	1.650366e+00	1.200551e+00	1.193408e-01
5.825177504542046e+00	1.648065e+00	1.196756e+00	1.189674e-01
5.825682361684904e+00	1.645721e+00	1.192994e+00	1.185973e-01
5.826187218827761e+00	1.643336e+00	1.189265e+00	1.182305e-01
5.826692075970619e+00	1.640909e+00	1.185567e+00	1.178669e-01
5.827329075970618e+00	1.632605e+00	1.180950e+00	1.174129e-01
5.827580075970618e+00	1.191986e+00	1.179145e+00	1.172354e-01
5.827625361684905e+00	1.031781e+00	1.178820e+00	1.172035e-01
5.827670647399190e+00	8.856295e-01	1.178495e+00	1.171716e-01
5.827715933113476e+00	7.535327e-01	1.178171e+00	1.171397e-01
5.827761218827761e+00	6.354902e-01	1.177847e+00	1.171079e-01
5.827806504542047e+00	5.315020e-01	1.177523e+00	1.170761e-01
5.827851790256332e+00	4.415681e-01	1.177200e+00	1.170443e-01
5.827897075970618e+00	3.656885e-01	1.176876e+00	1.170125e-01
5.827961075970618e+00	2.778326e-01	1.176420e+00	1.169677e-01
5.828089075970619e+00	1.573771e-01	1.175509e+00	1.168781e-01
5.828345075970619e+00	4.852453e-02	1.173693e+00	1.166997e-01
5.828857075970618e+00	4.443557e-03	1.170087e+00	1.163455e-01
5.829857075970619e+00	4.343867e-05	1.163143e+00	1.156636e-01
5.830857075970619e+00	4.631529e-07	1.156331e+00	1.149950e-01
5.839999933113480e+00	2.552139e-07	1.099554e+00	1.094412e-01
5.849142790256339e+00	9.453308e-08	1.055599e+00	1.051721e-01
5.858285647399200e+00	-1.888970e-08	1.024466e+00	1.021877e-01
5.867428504542060e+00	-8.505441e-08	1.006155e+00	1.004880e-01
5.876571361684920e+00	-1.039610e-07	1.000665e+00	1.000730e-01
5.885714218827780e+00	-7.560955e-08	1.007998e+00	1.009427e-01
5.894857075970640e+00	0.000000e+00	1.028152e+00	1.030972e-01
5.898857075970642e+00	0.000000e+00	1.041206e+00	1.044604e-01
5.901999933113500e+00	-2.142881e-09	1.053225e+00	1.057072e-01
5.905142790256358e+00	-2.943670e-09	1.066661e+00	1.070950e-01
5.908285647399216e+00	-2.402366e-09	1.081515e+00	1.086239e-01
5.911428504542075e+00	-5.189705e-10	1.097786e+00	1.102937e-01
5.914571361684933e+00	2.706517e-09	1.115476e+00	1.121045e-01
5.917714218827791e+00	7.274097e-09	1.134583e+00	1.140564e-01
5.920857075970649e+00	1.318377e-08	1.155107e+00	1.161492e-01
5.921857075970649e+00	1.889972e-05	1.161895e+00	1.168405e-01
5.922857075970650e+00	1.904096e-03	1.168814e+00	1.175450e-01
5.923857075970650e+00	1.970959e-01	1.175865e+00	1.182625e-01
5.923982075970650e+00	3.405911e-01	1.176757e+00	1.183531e-01
5.924233075970650e+00	9.097805e-01	1.178551e+00	1.185356e-01
5.924259075970650e+00	9.950645e-01	1.178737e+00	1.185545e-01
5.924285075970650e+00	1.083430e+00	1.178924e+00	1.185735e-01
5.924311075970651e+00	1.174876e+00	1.179110e+00	1.185925e-01
5.924337075970650e+00	1.269404e+00	1.179297e+00	1.186115e-01
5.924363075970650e+00	1.367013e+00	1.179484e+00	1.186304e-01
5.924389075970650e+00	1.467704e+00	1.179670e+00	1.186494e-01
5.924415075970650e+00	1.571476e+00	1.179857e+00	1.186684e-01
5.924431075970650e+00	1.616644e+00	1.179972e+00	1.186801e-01
5.924527075970650e+00	1.630660e+00	1.180663e+00	1.187504e-01
5.925423075970650e+00	1.642405e+00	1.187169e+00	1.194119e-01
5.926018933113506e+00	1.644088e+00	1.191553e+00	1.198576e-01
5.926614790256364e+00	1.646353e+00	1.195981e+00	1.203077e-01
5.927210647399221e+00	1.649201e+00	1.200455e+00	1.207622e-01
5.927806504542079e+00	1.652632e+00	1.204974e+00	1.212211e-01
5.928402361684936e+00	1.656645e+00	1.209537e+00	1.216845e-01
5.928998218827793e+00	1.661241e+00	1.214145e+00	1.221523e-01
5.929594075970650e+00	1.666420e+00	1.218798e+00	1.226245e-01
5.929845075970650e+00	2.064671e+00	1.220770e+00	1.228247e-01
5.929899504542079e+00	2.276134e+00	1.221199e+00	1.228682e-01
5.929953933113508e+00	2.464228e+00	1.221628e+00	1.229118e-01
5.930008361684936e+00	2.628953e+00	1.222058e+00	1.229554e-01
5.930062790256365e+00	2.770308e+00	1.222488e+00	1.229990e-01
5.930117218827793e+00	2.888295e+00	1.222918e+00	1.230427e-01
5.930171647399222e+00	2.982912e+00	1.223348e+00	1.230863e-01
5.930226075970650e+00	3.054160e+00	1.223779e+00	1.231301e-01
5.930354075970651e+00	3.170277e+00	1.224794e+00	1.232331e-01
5.930610075970651e+00	3.265609e+00	1.226830e+00	1.234396e-01
5.931122075970650e+00	3.297736e+00	1.230926e+00	1.238551e-01
5.939979218827796e+00	3.298752e+00	1.309598e+00	1.318213e-01
5.948836361684942e+00	3.299538e+00	1.393993e+00	1.403470e-01
5.957693504542088e+00	3.300092e+00	1.484111e+00	1.494322e-01
5.966550647399234e+00	3.300416e+00	1.579953e+00	1.590768e-01
5.975407790256379e+00	3.300508e+00	1.681519e+00	1.692810e-01
5.984264933113526e+00	3.300369e+00	1.788808e+00	1.800446e-01
5.993122075970671e+00	3.300000e+00	1.901821e+00	1.913677e-01
6.000000000000000e+00	3.300000e+00	1.988088e+00	2.000000e-01
